date,season,home,away,lat,long,score1,score2,result
9/9/2012,2012,ARI,SEA,33.27 N,-112.05 W,20,16,Win
9/23/2012,2012,ARI,PHI,33.27 N,-112.05 W,27,6,Win
9/30/2012,2012,ARI,MIA,33.27 N,-112.05 W,24,21,Win
10/14/2012,2012,ARI,BUF,33.27 N,-112.05 W,16,19,Loss
10/29/2012,2012,ARI,SF,33.27 N,-112.05 W,3,24,Loss
11/25/2012,2012,ARI,LAR,33.27 N,-112.05 W,17,31,Loss
12/16/2012,2012,ARI,DET,33.27 N,-112.05 W,38,10,Win
12/23/2012,2012,ARI,CHI,33.27 N,-112.05 W,13,28,Loss
9/17/2012,2012,ATL,DEN,33.45 N,-84.23 W,27,21,Win
9/30/2012,2012,ATL,CAR,33.45 N,-84.23 W,30,28,Win
10/14/2012,2012,ATL,OAK,33.45 N,-84.23 W,23,20,Win
11/4/2012,2012,ATL,DAL,33.45 N,-84.23 W,19,13,Win
11/18/2012,2012,ATL,ARI,33.45 N,-84.23 W,23,19,Win
11/29/2012,2012,ATL,NO,33.45 N,-84.23 W,23,13,Win
12/16/2012,2012,ATL,NYG,33.45 N,-84.23 W,34,0,Win
12/30/2012,2012,ATL,TB,33.45 N,-84.23 W,17,22,Loss
1/13/2013,2012,ATL,SEA,33.45 N,-84.23 W,30,28,Win
1/20/2013,2012,ATL,SF,33.45 N,-84.23 W,24,28,Loss
9/10/2012,2012,BAL,CIN,39.17 N,-76.37 W,44,13,Win
9/23/2012,2012,BAL,NE,39.17 N,-76.37 W,31,30,Win
9/27/2012,2012,BAL,CLE,39.17 N,-76.37 W,23,16,Win
10/14/2012,2012,BAL,DAL,39.17 N,-76.37 W,31,29,Win
11/11/2012,2012,BAL,OAK,39.17 N,-76.37 W,55,20,Win
12/2/2012,2012,BAL,PIT,39.17 N,-76.37 W,20,23,Loss
12/16/2012,2012,BAL,DEN,39.17 N,-76.37 W,17,34,Loss
12/23/2012,2012,BAL,NYG,39.17 N,-76.37 W,33,14,Win
1/6/2013,2012,BAL,IND,39.17 N,-76.37 W,24,9,Win
2/3/2013,2012,BAL,SF,39.17 N,-76.37 W,34,31,Win
9/16/2012,2012,BUF,KC,42.54 N,-78.53 W,35,17,Win
9/30/2012,2012,BUF,NE,42.54 N,-78.53 W,28,52,Loss
10/21/2012,2012,BUF,TEN,42.54 N,-78.53 W,34,35,Loss
11/15/2012,2012,BUF,MIA,42.54 N,-78.53 W,19,14,Win
12/2/2012,2012,BUF,JAX,42.54 N,-78.53 W,34,18,Win
12/9/2012,2012,BUF,LAR,42.54 N,-78.53 W,12,15,Loss
12/16/2012,2012,BUF,SEA,42.54 N,-78.53 W,17,50,Loss
12/30/2012,2012,BUF,NYJ,42.54 N,-78.53 W,28,9,Win
9/16/2012,2012,CAR,NO,35.14 N,-80.50 W,35,27,Win
9/20/2012,2012,CAR,NYG,35.14 N,-80.50 W,7,36,Loss
10/7/2012,2012,CAR,SEA,35.14 N,-80.50 W,12,16,Loss
10/21/2012,2012,CAR,DAL,35.14 N,-80.50 W,14,19,Loss
11/11/2012,2012,CAR,DEN,35.14 N,-80.50 W,14,36,Loss
11/18/2012,2012,CAR,TB,35.14 N,-80.50 W,21,27,Loss
12/9/2012,2012,CAR,ATL,35.14 N,-80.50 W,30,20,Win
12/23/2012,2012,CAR,OAK,35.14 N,-80.50 W,17,6,Win
9/9/2012,2012,CHI,IND,41.53 N,-87.38 W,41,21,Win
9/23/2012,2012,CHI,LAR,41.53 N,-87.38 W,23,6,Win
10/22/2012,2012,CHI,DET,41.53 N,-87.38 W,13,7,Win
10/28/2012,2012,CHI,CAR,41.53 N,-87.38 W,23,22,Win
11/11/2012,2012,CHI,HOU,41.53 N,-87.38 W,6,13,Loss
11/25/2012,2012,CHI,MIN,41.53 N,-87.38 W,28,10,Win
12/2/2012,2012,CHI,SEA,41.53 N,-87.38 W,17,23,Loss
12/16/2012,2012,CHI,GB,41.53 N,-87.38 W,13,21,Loss
9/16/2012,2012,CIN,CLE,39.06 N,-84.31 W,34,27,Win
10/7/2012,2012,CIN,MIA,39.06 N,-84.31 W,13,17,Loss
10/21/2012,2012,CIN,PIT,39.06 N,-84.31 W,17,24,Loss
11/4/2012,2012,CIN,DEN,39.06 N,-84.31 W,23,31,Loss
11/11/2012,2012,CIN,NYG,39.06 N,-84.31 W,31,13,Win
11/25/2012,2012,CIN,OAK,39.06 N,-84.31 W,34,10,Win
12/9/2012,2012,CIN,DAL,39.06 N,-84.31 W,19,20,Loss
12/30/2012,2012,CIN,BAL,39.06 N,-84.31 W,23,17,Win
9/9/2012,2012,CLE,PHI,41.30 N,-81.41 W,16,17,Loss
9/23/2012,2012,CLE,BUF,41.30 N,-81.41 W,14,24,Loss
10/14/2012,2012,CLE,CIN,41.30 N,-81.41 W,34,24,Win
10/28/2012,2012,CLE,LAC,41.30 N,-81.41 W,7,6,Win
11/4/2012,2012,CLE,BAL,41.30 N,-81.41 W,15,25,Loss
11/25/2012,2012,CLE,PIT,41.30 N,-81.41 W,20,14,Win
12/9/2012,2012,CLE,KC,41.30 N,-81.41 W,30,7,Win
12/16/2012,2012,CLE,WSH,41.30 N,-81.41 W,21,38,Loss
9/23/2012,2012,DAL,TB,32.47 N,-96.48 W,16,10,Win
10/1/2012,2012,DAL,CHI,32.47 N,-96.48 W,18,34,Loss
10/28/2012,2012,DAL,NYG,32.47 N,-96.48 W,24,29,Loss
11/18/2012,2012,DAL,CLE,32.47 N,-96.48 W,23,20,Win
11/22/2012,2012,DAL,WSH,32.47 N,-96.48 W,31,38,Loss
12/2/2012,2012,DAL,PHI,32.47 N,-96.48 W,38,33,Win
12/16/2012,2012,DAL,PIT,32.47 N,-96.48 W,27,24,Win
12/23/2012,2012,DAL,NO,32.47 N,-96.48 W,31,34,Loss
9/9/2012,2012,DEN,PIT,39.43 N,-105.01 W,31,19,Win
9/23/2012,2012,DEN,HOU,39.43 N,-105.01 W,25,31,Loss
9/30/2012,2012,DEN,OAK,39.43 N,-105.01 W,37,6,Win
10/28/2012,2012,DEN,NO,39.43 N,-105.01 W,34,14,Win
11/18/2012,2012,DEN,LAC,39.43 N,-105.01 W,30,23,Win
12/2/2012,2012,DEN,TB,39.43 N,-105.01 W,31,23,Win
12/23/2012,2012,DEN,CLE,39.43 N,-105.01 W,34,12,Win
12/30/2012,2012,DEN,KC,39.43 N,-105.01 W,38,3,Win
1/12/2013,2012,DEN,BAL,39.43 N,-105.01 W,35,38,Loss
9/9/2012,2012,DET,LAR,42.20 N,-83.03 W,27,23,Win
9/30/2012,2012,DET,MIN,42.20 N,-83.03 W,13,20,Loss
10/28/2012,2012,DET,SEA,42.20 N,-83.03 W,28,24,Win
11/18/2012,2012,DET,GB,42.20 N,-83.03 W,20,24,Loss
11/22/2012,2012,DET,HOU,42.20 N,-83.03 W,31,34,Loss
12/2/2012,2012,DET,IND,42.20 N,-83.03 W,33,35,Loss
12/22/2012,2012,DET,ATL,42.20 N,-83.03 W,18,31,Loss
12/30/2012,2012,DET,CHI,42.20 N,-83.03 W,24,26,Loss
9/9/2012,2012,GB,SF,44.30 N,-88.01 W,22,30,Loss
9/13/2012,2012,GB,CHI,44.30 N,-88.01 W,23,10,Win
9/30/2012,2012,GB,NO,44.30 N,-88.01 W,28,27,Win
10/28/2012,2012,GB,JAX,44.30 N,-88.01 W,24,15,Win
11/4/2012,2012,GB,ARI,44.30 N,-88.01 W,31,17,Win
12/2/2012,2012,GB,MIN,44.30 N,-88.01 W,23,14,Win
12/9/2012,2012,GB,DET,44.30 N,-88.01 W,27,20,Win
12/23/2012,2012,GB,TEN,44.30 N,-88.01 W,55,7,Win
1/5/2013,2012,GB,MIN,44.30 N,-88.01 W,24,10,Win
9/9/2012,2012,HOU,MIA,29.46 N,-95.22 W,30,10,Win
9/30/2012,2012,HOU,TEN,29.46 N,-95.22 W,38,14,Win
10/14/2012,2012,HOU,GB,29.46 N,-95.22 W,24,42,Loss
10/21/2012,2012,HOU,BAL,29.46 N,-95.22 W,43,13,Win
11/4/2012,2012,HOU,BUF,29.46 N,-95.22 W,21,9,Win
11/18/2012,2012,HOU,JAX,29.46 N,-95.22 W,43,37,Win
12/16/2012,2012,HOU,IND,29.46 N,-95.22 W,29,17,Win
12/23/2012,2012,HOU,MIN,29.46 N,-95.22 W,6,23,Loss
1/5/2013,2012,HOU,CIN,29.46 N,-95.22 W,19,13,Win
9/16/2012,2012,IND,MIN,39.46 N,-86.09 W,23,20,Win
9/23/2012,2012,IND,JAX,39.46 N,-86.09 W,17,22,Loss
10/7/2012,2012,IND,GB,39.46 N,-86.09 W,30,27,Win
10/21/2012,2012,IND,CLE,39.46 N,-86.09 W,17,13,Win
11/4/2012,2012,IND,MIA,39.46 N,-86.09 W,23,20,Win
11/25/2012,2012,IND,BUF,39.46 N,-86.09 W,20,13,Win
12/9/2012,2012,IND,TEN,39.46 N,-86.09 W,27,23,Win
12/30/2012,2012,IND,HOU,39.46 N,-86.09 W,28,16,Win
9/16/2012,2012,JAX,HOU,30.20 N,-81.40 W,7,27,Loss
9/30/2012,2012,JAX,CIN,30.20 N,-81.40 W,10,27,Loss
10/7/2012,2012,JAX,CHI,30.20 N,-81.40 W,3,41,Loss
11/4/2012,2012,JAX,DET,30.20 N,-81.40 W,14,31,Loss
11/8/2012,2012,JAX,IND,30.20 N,-81.40 W,10,27,Loss
11/25/2012,2012,JAX,TEN,30.20 N,-81.40 W,24,19,Win
12/9/2012,2012,JAX,NYJ,30.20 N,-81.40 W,10,17,Loss
12/23/2012,2012,JAX,NE,30.20 N,-81.40 W,16,23,Loss
9/9/2012,2012,KC,ATL,39.06 N,-94.37 W,24,40,Loss
9/30/2012,2012,KC,LAC,39.06 N,-94.37 W,20,37,Loss
10/7/2012,2012,KC,BAL,39.06 N,-94.37 W,6,9,Loss
10/28/2012,2012,KC,OAK,39.06 N,-94.37 W,16,26,Loss
11/18/2012,2012,KC,CIN,39.06 N,-94.37 W,6,28,Loss
11/25/2012,2012,KC,DEN,39.06 N,-94.37 W,9,17,Loss
12/2/2012,2012,KC,CAR,39.06 N,-94.37 W,27,21,Win
12/23/2012,2012,KC,IND,39.06 N,-94.37 W,13,20,Loss
9/16/2012,2012,LAC,TEN,39.06 N,-94.37 W,38,10,Win
9/23/2012,2012,LAC,ATL,39.06 N,-94.37 W,3,27,Loss
10/15/2012,2012,LAC,DEN,39.06 N,-94.37 W,24,35,Loss
11/1/2012,2012,LAC,KC,39.06 N,-94.37 W,31,13,Win
11/25/2012,2012,LAC,BAL,39.06 N,-94.37 W,13,16,Loss
12/2/2012,2012,LAC,CIN,39.06 N,-94.37 W,13,20,Loss
12/16/2012,2012,LAC,CAR,39.06 N,-94.37 W,7,31,Loss
12/30/2012,2012,LAC,OAK,39.06 N,-94.37 W,24,21,Win
9/16/2012,2012,LAR,WSH,39.06 N,-94.37 W,31,28,Win
9/30/2012,2012,LAR,SEA,39.06 N,-94.37 W,19,13,Win
10/4/2012,2012,LAR,ARI,39.06 N,-94.37 W,17,3,Win
10/21/2012,2012,LAR,GB,39.06 N,-94.37 W,20,30,Loss
11/18/2012,2012,LAR,NYJ,39.06 N,-94.37 W,13,27,Loss
12/2/2012,2012,LAR,SF,39.06 N,-94.37 W,16,13,Win
12/16/2012,2012,LAR,MIN,39.06 N,-94.37 W,22,36,Loss
9/16/2012,2012,MIA,OAK,25.46 N,-80.12 W,35,13,Win
9/23/2012,2012,MIA,NYJ,25.46 N,-80.12 W,20,23,Loss
10/14/2012,2012,MIA,LAR,25.46 N,-80.12 W,17,14,Win
11/11/2012,2012,MIA,TEN,25.46 N,-80.12 W,3,37,Loss
11/25/2012,2012,MIA,SEA,25.46 N,-80.12 W,24,21,Win
12/2/2012,2012,MIA,NE,25.46 N,-80.12 W,16,23,Loss
12/16/2012,2012,MIA,JAX,25.46 N,-80.12 W,24,3,Win
12/23/2012,2012,MIA,BUF,25.46 N,-80.12 W,24,10,Win
9/9/2012,2012,MIN,JAX,44.59 N,-93.13 W,26,23,Win
9/23/2012,2012,MIN,SF,44.59 N,-93.13 W,24,13,Win
10/7/2012,2012,MIN,TEN,44.59 N,-93.13 W,30,7,Win
10/21/2012,2012,MIN,ARI,44.59 N,-93.13 W,21,14,Win
10/25/2012,2012,MIN,TB,44.59 N,-93.13 W,17,36,Loss
11/11/2012,2012,MIN,DET,44.59 N,-93.13 W,34,24,Win
12/9/2012,2012,MIN,CHI,44.59 N,-93.13 W,21,14,Win
12/30/2012,2012,MIN,GB,44.59 N,-93.13 W,37,34,Win
9/16/2012,2012,NE,ARI,42.21 N,-71.04 W,18,20,Loss
10/7/2012,2012,NE,DEN,42.21 N,-71.04 W,31,21,Win
10/21/2012,2012,NE,NYJ,42.21 N,-71.04 W,29,26,Win
10/28/2012,2012,NE,LAR,42.21 N,-71.04 W,45,7,Win
11/11/2012,2012,NE,BUF,42.21 N,-71.04 W,37,31,Win
11/18/2012,2012,NE,IND,42.21 N,-71.04 W,59,24,Win
12/10/2012,2012,NE,HOU,42.21 N,-71.04 W,42,14,Win
12/16/2012,2012,NE,SF,42.21 N,-71.04 W,34,41,Loss
12/30/2012,2012,NE,MIA,42.21 N,-71.04 W,28,0,Win
1/13/2013,2012,NE,HOU,42.21 N,-71.04 W,41,28,Win
1/20/2013,2012,NE,BAL,42.21 N,-71.04 W,13,28,Loss
9/9/2012,2012,NO,WSH,29.58 N,-90.07 W,32,40,Loss
9/23/2012,2012,NO,KC,29.58 N,-90.07 W,24,27,Loss
10/7/2012,2012,NO,LAC,29.58 N,-90.07 W,31,24,Win
11/5/2012,2012,NO,PHI,29.58 N,-90.07 W,28,13,Win
11/11/2012,2012,NO,ATL,29.58 N,-90.07 W,31,27,Win
11/25/2012,2012,NO,SF,29.58 N,-90.07 W,21,31,Loss
12/16/2012,2012,NO,TB,29.58 N,-90.07 W,41,0,Win
12/30/2012,2012,NO,CAR,29.58 N,-90.07 W,38,44,Loss
9/5/2012,2012,NYG,DAL,40.43 N,-74.01 W,17,24,Loss
9/16/2012,2012,NYG,TB,40.43 N,-74.01 W,41,34,Win
10/7/2012,2012,NYG,CLE,40.43 N,-74.01 W,41,27,Win
10/21/2012,2012,NYG,WSH,40.43 N,-74.01 W,27,23,Win
11/4/2012,2012,NYG,PIT,40.43 N,-74.01 W,20,24,Loss
11/25/2012,2012,NYG,GB,40.43 N,-74.01 W,38,10,Win
12/9/2012,2012,NYG,NO,40.43 N,-74.01 W,52,27,Win
12/30/2012,2012,NYG,PHI,40.43 N,-74.01 W,42,7,Win
9/9/2012,2012,NYJ,BUF,40.43 N,-74.01 W,48,28,Win
9/30/2012,2012,NYJ,SF,40.43 N,-74.01 W,0,34,Loss
10/8/2012,2012,NYJ,HOU,40.43 N,-74.01 W,17,23,Loss
10/14/2012,2012,NYJ,IND,40.43 N,-74.01 W,35,9,Win
10/28/2012,2012,NYJ,MIA,40.43 N,-74.01 W,9,30,Loss
11/22/2012,2012,NYJ,NE,40.43 N,-74.01 W,19,49,Loss
12/2/2012,2012,NYJ,ARI,40.43 N,-74.01 W,7,6,Win
12/23/2012,2012,NYJ,LAC,40.43 N,-74.01 W,17,27,Loss
9/10/2012,2012,OAK,LAC,37.47 N,-122.13 W,14,22,Loss
9/23/2012,2012,OAK,PIT,37.47 N,-122.13 W,34,31,Win
10/21/2012,2012,OAK,JAX,37.47 N,-122.13 W,26,23,Win
11/4/2012,2012,OAK,TB,37.47 N,-122.13 W,32,42,Loss
11/18/2012,2012,OAK,NO,37.47 N,-122.13 W,17,38,Loss
12/2/2012,2012,OAK,CLE,37.47 N,-122.13 W,17,20,Loss
12/6/2012,2012,OAK,DEN,37.47 N,-122.13 W,13,26,Loss
12/16/2012,2012,OAK,KC,37.47 N,-122.13 W,15,0,Win
9/16/2012,2012,PHI,BAL,39.57 N,-75.07 W,24,23,Win
9/30/2012,2012,PHI,NYG,39.57 N,-75.07 W,19,17,Win
10/14/2012,2012,PHI,DET,39.57 N,-75.07 W,23,26,Loss
10/28/2012,2012,PHI,ATL,39.57 N,-75.07 W,17,30,Loss
11/11/2012,2012,PHI,DAL,39.57 N,-75.07 W,23,38,Loss
11/26/2012,2012,PHI,CAR,39.57 N,-75.07 W,22,30,Loss
12/13/2012,2012,PHI,CIN,39.57 N,-75.07 W,13,34,Loss
12/23/2012,2012,PHI,WSH,39.57 N,-75.07 W,20,27,Loss
9/16/2012,2012,PIT,NYJ,40.26 N,-80.00 W,27,10,Win
10/7/2012,2012,PIT,PHI,40.26 N,-80.00 W,16,14,Win
10/28/2012,2012,PIT,WSH,40.26 N,-80.00 W,27,12,Win
11/12/2012,2012,PIT,KC,40.26 N,-80.00 W,16,13,Win
11/18/2012,2012,PIT,BAL,40.26 N,-80.00 W,10,13,Loss
12/9/2012,2012,PIT,LAC,40.26 N,-80.00 W,24,34,Loss
12/23/2012,2012,PIT,CIN,40.26 N,-80.00 W,10,13,Loss
12/30/2012,2012,PIT,CLE,40.26 N,-80.00 W,24,10,Win
9/16/2012,2012,SEA,DAL,47.36 N,-122.20 W,27,7,Win
9/24/2012,2012,SEA,GB,47.36 N,-122.20 W,14,12,Win
10/14/2012,2012,SEA,NE,47.36 N,-122.20 W,24,23,Win
11/4/2012,2012,SEA,MIN,47.36 N,-122.20 W,30,20,Win
11/11/2012,2012,SEA,NYJ,47.36 N,-122.20 W,28,7,Win
12/9/2012,2012,SEA,ARI,47.36 N,-122.20 W,58,0,Win
12/23/2012,2012,SEA,SF,47.36 N,-122.20 W,42,13,Win
12/30/2012,2012,SEA,LAR,47.36 N,-122.20 W,20,13,Win
9/16/2012,2012,SF,DET,47.36 N,-122.20 W,27,19,Win
10/7/2012,2012,SF,BUF,47.36 N,-122.20 W,45,3,Win
10/14/2012,2012,SF,NYG,47.36 N,-122.20 W,3,26,Loss
10/18/2012,2012,SF,SEA,47.36 N,-122.20 W,13,6,Win
11/11/2012,2012,SF,LAR,47.36 N,-122.20 W,24,24,Tie
11/19/2012,2012,SF,CHI,47.36 N,-122.20 W,32,7,Win
12/9/2012,2012,SF,MIA,47.36 N,-122.20 W,27,13,Win
12/30/2012,2012,SF,ARI,47.36 N,-122.20 W,27,13,Win
1/12/2013,2012,SF,GB,47.36 N,-122.20 W,45,31,Win
9/9/2012,2012,TB,CAR,27.57 N,-82.27 W,16,10,Win
9/30/2012,2012,TB,WSH,27.57 N,-82.27 W,22,24,Loss
10/14/2012,2012,TB,KC,27.57 N,-82.27 W,38,10,Win
10/21/2012,2012,TB,NO,27.57 N,-82.27 W,28,35,Loss
11/11/2012,2012,TB,LAC,27.57 N,-82.27 W,34,24,Win
11/25/2012,2012,TB,ATL,27.57 N,-82.27 W,23,24,Loss
12/9/2012,2012,TB,PHI,27.57 N,-82.27 W,21,23,Loss
12/23/2012,2012,TB,LAR,27.57 N,-82.27 W,13,28,Loss
9/9/2012,2012,TEN,NE,36.09 N,-86.48 W,13,34,Loss
9/23/2012,2012,TEN,DET,36.09 N,-86.48 W,44,41,Win
10/11/2012,2012,TEN,PIT,36.09 N,-86.48 W,26,23,Win
10/28/2012,2012,TEN,IND,36.09 N,-86.48 W,13,19,Loss
11/4/2012,2012,TEN,CHI,36.09 N,-86.48 W,20,51,Loss
12/2/2012,2012,TEN,HOU,36.09 N,-86.48 W,10,24,Loss
12/17/2012,2012,TEN,NYJ,36.09 N,-86.48 W,14,10,Win
12/30/2012,2012,TEN,JAX,36.09 N,-86.48 W,38,20,Win
9/23/2012,2012,WSH,CIN,38.54 N,-77.01 W,31,38,Loss
10/7/2012,2012,WSH,ATL,38.54 N,-77.01 W,17,24,Loss
10/14/2012,2012,WSH,MIN,38.54 N,-77.01 W,38,26,Win
11/4/2012,2012,WSH,CAR,38.54 N,-77.01 W,13,21,Loss
11/18/2012,2012,WSH,PHI,38.54 N,-77.01 W,31,6,Win
12/3/2012,2012,WSH,NYG,38.54 N,-77.01 W,17,16,Win
12/9/2012,2012,WSH,BAL,38.54 N,-77.01 W,31,28,Win
12/30/2012,2012,WSH,DAL,38.54 N,-77.01 W,28,18,Win
1/6/2013,2012,WSH,SEA,38.54 N,-77.01 W,14,24,Loss
9/15/2013,2013,ARI,DET,33.27 N,-112.05 W,25,21,Win
10/6/2013,2013,ARI,CAR,33.27 N,-112.05 W,22,6,Win
10/17/2013,2013,ARI,SEA,33.27 N,-112.05 W,22,34,Loss
10/27/2013,2013,ARI,ATL,33.27 N,-112.05 W,27,13,Win
11/10/2013,2013,ARI,HOU,33.27 N,-112.05 W,27,24,Win
11/24/2013,2013,ARI,IND,33.27 N,-112.05 W,40,11,Win
12/8/2013,2013,ARI,LAR,33.27 N,-112.05 W,30,10,Win
12/29/2013,2013,ARI,SF,33.27 N,-112.05 W,20,23,Loss
9/15/2013,2013,ATL,LAR,33.45 N,-84.23 W,31,24,Win
9/29/2013,2013,ATL,NE,33.45 N,-84.23 W,23,30,Loss
10/7/2013,2013,ATL,NYJ,33.45 N,-84.23 W,28,30,Loss
10/20/2013,2013,ATL,TB,33.45 N,-84.23 W,31,23,Win
11/10/2013,2013,ATL,SEA,33.45 N,-84.23 W,10,33,Loss
11/21/2013,2013,ATL,NO,33.45 N,-84.23 W,13,17,Loss
12/15/2013,2013,ATL,WSH,33.45 N,-84.23 W,27,26,Win
12/29/2013,2013,ATL,CAR,33.45 N,-84.23 W,20,21,Loss
9/15/2013,2013,BAL,CLE,39.17 N,-76.37 W,14,6,Win
9/22/2013,2013,BAL,HOU,39.17 N,-76.37 W,30,9,Win
10/13/2013,2013,BAL,GB,39.17 N,-76.37 W,17,19,Loss
11/10/2013,2013,BAL,CIN,39.17 N,-76.37 W,20,17,Win
11/24/2013,2013,BAL,NYJ,39.17 N,-76.37 W,19,3,Win
11/28/2013,2013,BAL,PIT,39.17 N,-76.37 W,22,20,Win
12/8/2013,2013,BAL,MIN,39.17 N,-76.37 W,29,26,Win
12/22/2013,2013,BAL,NE,39.17 N,-76.37 W,7,41,Loss
9/8/2013,2013,BUF,NE,42.54 N,-78.53 W,21,23,Loss
9/15/2013,2013,BUF,CAR,42.54 N,-78.53 W,24,23,Win
9/29/2013,2013,BUF,BAL,42.54 N,-78.53 W,23,20,Win
10/13/2013,2013,BUF,CIN,42.54 N,-78.53 W,24,27,Loss
11/3/2013,2013,BUF,KC,42.54 N,-78.53 W,13,23,Loss
11/17/2013,2013,BUF,NYJ,42.54 N,-78.53 W,37,14,Win
12/1/2013,2013,BUF,ATL,42.54 N,-78.53 W,31,34,Loss
12/22/2013,2013,BUF,MIA,42.54 N,-78.53 W,19,0,Win
9/8/2013,2013,CAR,SEA,35.14 N,-80.50 W,7,12,Loss
9/22/2013,2013,CAR,NYG,35.14 N,-80.50 W,38,0,Win
10/20/2013,2013,CAR,LAR,35.14 N,-80.50 W,30,15,Win
11/3/2013,2013,CAR,ATL,35.14 N,-80.50 W,34,10,Win
11/18/2013,2013,CAR,NE,35.14 N,-80.50 W,24,20,Win
12/1/2013,2013,CAR,TB,35.14 N,-80.50 W,27,6,Win
12/15/2013,2013,CAR,NYJ,35.14 N,-80.50 W,30,20,Win
12/22/2013,2013,CAR,NO,35.14 N,-80.50 W,17,13,Win
1/12/2014,2013,CAR,SF,35.14 N,-80.50 W,10,23,Loss
9/8/2013,2013,CHI,CIN,41.53 N,-87.38 W,24,21,Win
9/15/2013,2013,CHI,MIN,41.53 N,-87.38 W,31,30,Win
10/6/2013,2013,CHI,NO,41.53 N,-87.38 W,18,26,Loss
10/10/2013,2013,CHI,NYG,41.53 N,-87.38 W,27,21,Win
11/10/2013,2013,CHI,DET,41.53 N,-87.38 W,19,21,Loss
11/17/2013,2013,CHI,BAL,41.53 N,-87.38 W,23,20,Win
12/9/2013,2013,CHI,DAL,41.53 N,-87.38 W,45,28,Win
12/29/2013,2013,CHI,GB,41.53 N,-87.38 W,28,33,Loss
9/16/2013,2013,CIN,PIT,39.06 N,-84.31 W,20,10,Win
9/22/2013,2013,CIN,GB,39.06 N,-84.31 W,34,30,Win
10/6/2013,2013,CIN,NE,39.06 N,-84.31 W,13,6,Win
10/27/2013,2013,CIN,NYJ,39.06 N,-84.31 W,49,9,Win
11/17/2013,2013,CIN,CLE,39.06 N,-84.31 W,41,20,Win
12/8/2013,2013,CIN,IND,39.06 N,-84.31 W,42,28,Win
12/22/2013,2013,CIN,MIN,39.06 N,-84.31 W,42,14,Win
12/29/2013,2013,CIN,BAL,39.06 N,-84.31 W,34,17,Win
1/5/2014,2013,CIN,LAC,39.06 N,-84.31 W,10,27,Loss
9/8/2013,2013,CLE,MIA,41.30 N,-81.41 W,10,23,Loss
9/29/2013,2013,CLE,CIN,41.30 N,-81.41 W,17,6,Win
10/3/2013,2013,CLE,BUF,41.30 N,-81.41 W,37,24,Win
10/13/2013,2013,CLE,DET,41.30 N,-81.41 W,17,31,Loss
11/3/2013,2013,CLE,BAL,41.30 N,-81.41 W,24,18,Win
11/24/2013,2013,CLE,PIT,41.30 N,-81.41 W,11,27,Loss
12/1/2013,2013,CLE,JAX,41.30 N,-81.41 W,28,32,Loss
12/15/2013,2013,CLE,CHI,41.30 N,-81.41 W,31,38,Loss
9/8/2013,2013,DAL,NYG,32.47 N,-96.48 W,36,31,Win
9/22/2013,2013,DAL,LAR,32.47 N,-96.48 W,31,7,Win
10/6/2013,2013,DAL,DEN,32.47 N,-96.48 W,48,51,Loss
10/13/2013,2013,DAL,WSH,32.47 N,-96.48 W,31,16,Win
11/3/2013,2013,DAL,MIN,32.47 N,-96.48 W,27,23,Win
11/28/2013,2013,DAL,OAK,32.47 N,-96.48 W,31,24,Win
12/15/2013,2013,DAL,GB,32.47 N,-96.48 W,36,37,Loss
12/29/2013,2013,DAL,PHI,32.47 N,-96.48 W,22,24,Loss
9/5/2013,2013,DEN,BAL,39.43 N,-105.01 W,49,27,Win
9/23/2013,2013,DEN,OAK,39.43 N,-105.01 W,37,21,Win
9/29/2013,2013,DEN,PHI,39.43 N,-105.01 W,52,20,Win
10/13/2013,2013,DEN,JAX,39.43 N,-105.01 W,35,19,Win
10/27/2013,2013,DEN,WSH,39.43 N,-105.01 W,45,21,Win
11/17/2013,2013,DEN,KC,39.43 N,-105.01 W,27,17,Win
12/8/2013,2013,DEN,TEN,39.43 N,-105.01 W,51,28,Win
12/12/2013,2013,DEN,LAC,39.43 N,-105.01 W,20,27,Loss
1/12/2014,2013,DEN,LAC,39.43 N,-105.01 W,24,17,Win
1/19/2014,2013,DEN,NE,39.43 N,-105.01 W,26,16,Win
2/2/2014,2013,DEN,SEA,39.43 N,-105.01 W,8,43,Loss
9/8/2013,2013,DET,MIN,42.20 N,-83.03 W,34,24,Win
9/29/2013,2013,DET,CHI,42.20 N,-83.03 W,40,32,Win
10/20/2013,2013,DET,CIN,42.20 N,-83.03 W,24,27,Loss
10/27/2013,2013,DET,DAL,42.20 N,-83.03 W,31,30,Win
11/24/2013,2013,DET,TB,42.20 N,-83.03 W,21,24,Loss
11/28/2013,2013,DET,GB,42.20 N,-83.03 W,40,10,Win
12/16/2013,2013,DET,BAL,42.20 N,-83.03 W,16,18,Loss
12/22/2013,2013,DET,NYG,42.20 N,-83.03 W,20,23,Loss
9/15/2013,2013,GB,WSH,44.30 N,-88.01 W,38,20,Win
10/6/2013,2013,GB,DET,44.30 N,-88.01 W,22,9,Win
10/20/2013,2013,GB,CLE,44.30 N,-88.01 W,31,13,Win
11/4/2013,2013,GB,CHI,44.30 N,-88.01 W,20,27,Loss
11/10/2013,2013,GB,PHI,44.30 N,-88.01 W,13,27,Loss
11/24/2013,2013,GB,MIN,44.30 N,-88.01 W,26,26,Tie
12/8/2013,2013,GB,ATL,44.30 N,-88.01 W,22,21,Win
12/22/2013,2013,GB,PIT,44.30 N,-88.01 W,31,38,Loss
1/5/2014,2013,GB,SF,44.30 N,-88.01 W,20,23,Loss
9/15/2013,2013,HOU,TEN,29.46 N,-95.22 W,30,24,Win
9/29/2013,2013,HOU,SEA,29.46 N,-95.22 W,20,23,Loss
10/13/2013,2013,HOU,LAR,29.46 N,-95.22 W,13,38,Loss
11/3/2013,2013,HOU,IND,29.46 N,-95.22 W,24,27,Loss
11/17/2013,2013,HOU,OAK,29.46 N,-95.22 W,23,28,Loss
11/24/2013,2013,HOU,JAX,29.46 N,-95.22 W,6,13,Loss
12/1/2013,2013,HOU,NE,29.46 N,-95.22 W,31,34,Loss
12/22/2013,2013,HOU,DEN,29.46 N,-95.22 W,13,37,Loss
9/8/2013,2013,IND,OAK,39.46 N,-86.09 W,21,17,Win
9/15/2013,2013,IND,MIA,39.46 N,-86.09 W,20,24,Loss
10/6/2013,2013,IND,SEA,39.46 N,-86.09 W,34,28,Win
10/20/2013,2013,IND,DEN,39.46 N,-86.09 W,39,33,Win
11/10/2013,2013,IND,LAR,39.46 N,-86.09 W,8,38,Loss
12/1/2013,2013,IND,TEN,39.46 N,-86.09 W,22,14,Win
12/15/2013,2013,IND,HOU,39.46 N,-86.09 W,25,3,Win
12/29/2013,2013,IND,JAX,39.46 N,-86.09 W,30,10,Win
1/4/2014,2013,IND,KC,39.46 N,-86.09 W,45,44,Win
9/8/2013,2013,JAX,KC,30.20 N,-81.40 W,2,28,Loss
9/29/2013,2013,JAX,IND,30.20 N,-81.40 W,3,37,Loss
10/20/2013,2013,JAX,LAC,30.20 N,-81.40 W,6,24,Loss
11/17/2013,2013,JAX,ARI,30.20 N,-81.40 W,14,27,Loss
12/5/2013,2013,JAX,HOU,30.20 N,-81.40 W,27,20,Win
12/15/2013,2013,JAX,BUF,30.20 N,-81.40 W,20,27,Loss
12/22/2013,2013,JAX,TEN,30.20 N,-81.40 W,16,20,Loss
9/15/2013,2013,KC,DAL,39.06 N,-94.37 W,17,16,Win
9/29/2013,2013,KC,NYG,39.06 N,-94.37 W,31,7,Win
10/13/2013,2013,KC,OAK,39.06 N,-94.37 W,24,7,Win
10/20/2013,2013,KC,HOU,39.06 N,-94.37 W,17,16,Win
10/27/2013,2013,KC,CLE,39.06 N,-94.37 W,23,17,Win
11/24/2013,2013,KC,LAC,39.06 N,-94.37 W,38,41,Loss
12/1/2013,2013,KC,DEN,39.06 N,-94.37 W,28,35,Loss
12/22/2013,2013,KC,IND,39.06 N,-94.37 W,7,23,Loss
9/9/2013,2013,LAC,HOU,39.06 N,-94.37 W,28,31,Loss
9/29/2013,2013,LAC,DAL,39.06 N,-94.37 W,30,21,Win
10/14/2013,2013,LAC,IND,39.06 N,-94.37 W,19,9,Win
11/10/2013,2013,LAC,DEN,39.06 N,-94.37 W,20,28,Loss
12/1/2013,2013,LAC,CIN,39.06 N,-94.37 W,10,17,Loss
12/8/2013,2013,LAC,NYG,39.06 N,-94.37 W,37,14,Win
12/22/2013,2013,LAC,OAK,39.06 N,-94.37 W,26,13,Win
12/29/2013,2013,LAC,KC,39.06 N,-94.37 W,27,24,Win
9/8/2013,2013,LAR,ARI,39.06 N,-94.37 W,27,24,Win
9/26/2013,2013,LAR,SF,39.06 N,-94.37 W,11,35,Loss
10/6/2013,2013,LAR,JAX,39.06 N,-94.37 W,34,20,Win
10/28/2013,2013,LAR,SEA,39.06 N,-94.37 W,9,14,Loss
11/3/2013,2013,LAR,TEN,39.06 N,-94.37 W,21,28,Loss
11/24/2013,2013,LAR,CHI,39.06 N,-94.37 W,42,21,Win
12/15/2013,2013,LAR,NO,39.06 N,-94.37 W,27,16,Win
12/22/2013,2013,LAR,TB,39.06 N,-94.37 W,23,13,Win
9/22/2013,2013,MIA,ATL,25.46 N,-80.12 W,27,23,Win
10/6/2013,2013,MIA,BAL,25.46 N,-80.12 W,23,26,Loss
10/20/2013,2013,MIA,BUF,25.46 N,-80.12 W,21,23,Loss
10/31/2013,2013,MIA,CIN,25.46 N,-80.12 W,22,20,Win
11/17/2013,2013,MIA,LAC,25.46 N,-80.12 W,20,16,Win
11/24/2013,2013,MIA,CAR,25.46 N,-80.12 W,16,20,Loss
12/15/2013,2013,MIA,NE,25.46 N,-80.12 W,24,20,Win
12/29/2013,2013,MIA,NYJ,25.46 N,-80.12 W,7,20,Loss
9/22/2013,2013,MIN,CLE,44.59 N,-93.13 W,27,31,Loss
10/13/2013,2013,MIN,CAR,44.59 N,-93.13 W,10,35,Loss
10/27/2013,2013,MIN,GB,44.59 N,-93.13 W,31,44,Loss
11/7/2013,2013,MIN,WSH,44.59 N,-93.13 W,34,27,Win
12/1/2013,2013,MIN,CHI,44.59 N,-93.13 W,23,20,Win
12/15/2013,2013,MIN,PHI,44.59 N,-93.13 W,48,30,Win
12/29/2013,2013,MIN,DET,44.59 N,-93.13 W,14,13,Win
9/12/2013,2013,NE,NYJ,42.21 N,-71.04 W,13,10,Win
9/22/2013,2013,NE,TB,42.21 N,-71.04 W,23,3,Win
10/13/2013,2013,NE,NO,42.21 N,-71.04 W,30,27,Win
10/27/2013,2013,NE,MIA,42.21 N,-71.04 W,27,17,Win
11/3/2013,2013,NE,PIT,42.21 N,-71.04 W,55,31,Win
11/24/2013,2013,NE,DEN,42.21 N,-71.04 W,34,31,Win
12/8/2013,2013,NE,CLE,42.21 N,-71.04 W,27,26,Win
12/29/2013,2013,NE,BUF,42.21 N,-71.04 W,34,20,Win
1/11/2014,2013,NE,IND,42.21 N,-71.04 W,43,22,Win
9/8/2013,2013,NO,ATL,29.58 N,-90.07 W,23,17,Win
9/22/2013,2013,NO,ARI,29.58 N,-90.07 W,31,7,Win
9/30/2013,2013,NO,MIA,29.58 N,-90.07 W,38,17,Win
10/27/2013,2013,NO,BUF,29.58 N,-90.07 W,35,17,Win
11/10/2013,2013,NO,DAL,29.58 N,-90.07 W,49,17,Win
11/17/2013,2013,NO,SF,29.58 N,-90.07 W,23,20,Win
12/8/2013,2013,NO,CAR,29.58 N,-90.07 W,31,13,Win
12/29/2013,2013,NO,TB,29.58 N,-90.07 W,42,17,Win
9/15/2013,2013,NYG,DEN,40.43 N,-74.01 W,23,41,Loss
10/6/2013,2013,NYG,PHI,40.43 N,-74.01 W,21,36,Loss
10/21/2013,2013,NYG,MIN,40.43 N,-74.01 W,23,7,Win
11/10/2013,2013,NYG,OAK,40.43 N,-74.01 W,24,20,Win
11/17/2013,2013,NYG,GB,40.43 N,-74.01 W,27,13,Win
11/24/2013,2013,NYG,DAL,40.43 N,-74.01 W,21,24,Loss
12/15/2013,2013,NYG,SEA,40.43 N,-74.01 W,0,23,Loss
12/29/2013,2013,NYG,WSH,40.43 N,-74.01 W,20,6,Win
9/8/2013,2013,NYJ,TB,40.43 N,-74.01 W,18,17,Win
9/22/2013,2013,NYJ,BUF,40.43 N,-74.01 W,27,20,Win
10/13/2013,2013,NYJ,PIT,40.43 N,-74.01 W,6,19,Loss
10/20/2013,2013,NYJ,NE,40.43 N,-74.01 W,30,27,Win
11/3/2013,2013,NYJ,NO,40.43 N,-74.01 W,26,20,Win
12/1/2013,2013,NYJ,MIA,40.43 N,-74.01 W,3,23,Loss
12/8/2013,2013,NYJ,OAK,40.43 N,-74.01 W,37,27,Win
12/22/2013,2013,NYJ,CLE,40.43 N,-74.01 W,24,13,Win
9/15/2013,2013,OAK,JAX,37.47 N,-122.13 W,19,9,Win
9/29/2013,2013,OAK,WSH,37.47 N,-122.13 W,14,24,Loss
10/6/2013,2013,OAK,LAC,37.47 N,-122.13 W,27,17,Win
10/27/2013,2013,OAK,PIT,37.47 N,-122.13 W,21,18,Win
11/3/2013,2013,OAK,PHI,37.47 N,-122.13 W,20,49,Loss
11/24/2013,2013,OAK,TEN,37.47 N,-122.13 W,19,23,Loss
12/15/2013,2013,OAK,KC,37.47 N,-122.13 W,31,56,Loss
12/29/2013,2013,OAK,DEN,37.47 N,-122.13 W,14,34,Loss
9/15/2013,2013,PHI,LAC,39.57 N,-75.07 W,30,33,Loss
9/19/2013,2013,PHI,KC,39.57 N,-75.07 W,16,26,Loss
10/20/2013,2013,PHI,DAL,39.57 N,-75.07 W,3,17,Loss
10/27/2013,2013,PHI,NYG,39.57 N,-75.07 W,7,15,Loss
11/17/2013,2013,PHI,WSH,39.57 N,-75.07 W,24,16,Win
12/1/2013,2013,PHI,ARI,39.57 N,-75.07 W,24,21,Win
12/8/2013,2013,PHI,DET,39.57 N,-75.07 W,34,20,Win
12/22/2013,2013,PHI,CHI,39.57 N,-75.07 W,54,11,Win
1/4/2014,2013,PHI,NO,39.57 N,-75.07 W,24,26,Loss
9/8/2013,2013,PIT,TEN,40.26 N,-80.00 W,9,16,Loss
9/22/2013,2013,PIT,CHI,40.26 N,-80.00 W,23,40,Loss
9/29/2013,2013,PIT,MIN,40.26 N,-80.00 W,27,34,Loss
10/20/2013,2013,PIT,BAL,40.26 N,-80.00 W,19,16,Win
11/10/2013,2013,PIT,BUF,40.26 N,-80.00 W,23,10,Win
11/17/2013,2013,PIT,DET,40.26 N,-80.00 W,37,27,Win
12/8/2013,2013,PIT,MIA,40.26 N,-80.00 W,28,34,Loss
12/15/2013,2013,PIT,CIN,40.26 N,-80.00 W,30,20,Win
12/29/2013,2013,PIT,CLE,40.26 N,-80.00 W,20,7,Win
9/15/2013,2013,SEA,SF,47.36 N,-122.20 W,29,3,Win
9/22/2013,2013,SEA,JAX,47.36 N,-122.20 W,45,17,Win
10/13/2013,2013,SEA,TEN,47.36 N,-122.20 W,20,13,Win
11/3/2013,2013,SEA,TB,47.36 N,-122.20 W,27,24,Win
11/17/2013,2013,SEA,MIN,47.36 N,-122.20 W,41,20,Win
12/2/2013,2013,SEA,NO,47.36 N,-122.20 W,34,7,Win
12/22/2013,2013,SEA,ARI,47.36 N,-122.20 W,10,17,Loss
12/29/2013,2013,SEA,LAR,47.36 N,-122.20 W,27,9,Win
1/11/2014,2013,SEA,NO,47.36 N,-122.20 W,23,15,Win
1/19/2014,2013,SEA,SF,47.36 N,-122.20 W,23,17,Win
9/8/2013,2013,SF,GB,47.36 N,-122.20 W,34,28,Win
9/22/2013,2013,SF,IND,47.36 N,-122.20 W,7,27,Loss
10/6/2013,2013,SF,HOU,47.36 N,-122.20 W,34,3,Win
10/13/2013,2013,SF,ARI,47.36 N,-122.20 W,32,20,Win
10/27/2013,2013,SF,JAX,47.36 N,-122.20 W,42,10,Win
11/10/2013,2013,SF,CAR,47.36 N,-122.20 W,9,10,Loss
12/1/2013,2013,SF,LAR,47.36 N,-122.20 W,23,13,Win
12/8/2013,2013,SF,SEA,47.36 N,-122.20 W,19,17,Win
12/23/2013,2013,SF,ATL,47.36 N,-122.20 W,34,24,Win
9/15/2013,2013,TB,NO,27.57 N,-82.27 W,14,16,Loss
9/29/2013,2013,TB,ARI,27.57 N,-82.27 W,10,13,Loss
10/13/2013,2013,TB,PHI,27.57 N,-82.27 W,20,31,Loss
10/24/2013,2013,TB,CAR,27.57 N,-82.27 W,13,31,Loss
11/11/2013,2013,TB,MIA,27.57 N,-82.27 W,22,19,Win
11/17/2013,2013,TB,ATL,27.57 N,-82.27 W,41,28,Win
12/8/2013,2013,TB,BUF,27.57 N,-82.27 W,27,6,Win
12/15/2013,2013,TB,SF,27.57 N,-82.27 W,14,33,Loss
9/22/2013,2013,TEN,LAC,36.09 N,-86.48 W,20,17,Win
9/29/2013,2013,TEN,NYJ,36.09 N,-86.48 W,38,13,Win
10/6/2013,2013,TEN,KC,36.09 N,-86.48 W,17,26,Loss
10/20/2013,2013,TEN,SF,36.09 N,-86.48 W,17,31,Loss
11/10/2013,2013,TEN,JAX,36.09 N,-86.48 W,27,29,Loss
11/14/2013,2013,TEN,IND,36.09 N,-86.48 W,27,30,Loss
12/15/2013,2013,TEN,ARI,36.09 N,-86.48 W,34,37,Loss
12/29/2013,2013,TEN,HOU,36.09 N,-86.48 W,16,10,Win
9/9/2013,2013,WSH,PHI,38.54 N,-77.01 W,27,33,Loss
9/22/2013,2013,WSH,DET,38.54 N,-77.01 W,20,27,Loss
10/20/2013,2013,WSH,CHI,38.54 N,-77.01 W,45,41,Win
11/3/2013,2013,WSH,LAC,38.54 N,-77.01 W,30,24,Win
11/25/2013,2013,WSH,SF,38.54 N,-77.01 W,6,27,Loss
12/1/2013,2013,WSH,NYG,38.54 N,-77.01 W,17,24,Loss
12/8/2013,2013,WSH,KC,38.54 N,-77.01 W,10,45,Loss
12/22/2013,2013,WSH,DAL,38.54 N,-77.01 W,23,24,Loss
9/8/2014,2014,ARI,LAC,33.27 N,-112.05 W,18,17,Win
9/21/2014,2014,ARI,SF,33.27 N,-112.05 W,23,14,Win
10/12/2014,2014,ARI,WSH,33.27 N,-112.05 W,30,20,Win
10/26/2014,2014,ARI,PHI,33.27 N,-112.05 W,24,20,Win
11/9/2014,2014,ARI,LAR,33.27 N,-112.05 W,31,14,Win
11/16/2014,2014,ARI,DET,33.27 N,-112.05 W,14,6,Win
12/7/2014,2014,ARI,KC,33.27 N,-112.05 W,17,14,Win
12/21/2014,2014,ARI,SEA,33.27 N,-112.05 W,6,35,Loss
9/7/2014,2014,ATL,NO,33.45 N,-84.23 W,37,34,Win
9/18/2014,2014,ATL,TB,33.45 N,-84.23 W,56,14,Win
10/12/2014,2014,ATL,CHI,33.45 N,-84.23 W,13,27,Loss
11/23/2014,2014,ATL,CLE,33.45 N,-84.23 W,24,26,Loss
11/30/2014,2014,ATL,ARI,33.45 N,-84.23 W,29,18,Win
12/14/2014,2014,ATL,PIT,33.45 N,-84.23 W,20,27,Loss
12/28/2014,2014,ATL,CAR,33.45 N,-84.23 W,3,34,Loss
9/7/2014,2014,BAL,CIN,39.17 N,-76.37 W,16,23,Loss
9/11/2014,2014,BAL,PIT,39.17 N,-76.37 W,26,6,Win
9/28/2014,2014,BAL,CAR,39.17 N,-76.37 W,38,10,Win
10/19/2014,2014,BAL,ATL,39.17 N,-76.37 W,29,7,Win
11/9/2014,2014,BAL,TEN,39.17 N,-76.37 W,21,7,Win
11/30/2014,2014,BAL,LAC,39.17 N,-76.37 W,33,34,Loss
12/14/2014,2014,BAL,JAX,39.17 N,-76.37 W,20,12,Win
12/28/2014,2014,BAL,CLE,39.17 N,-76.37 W,20,10,Win
9/14/2014,2014,BUF,MIA,42.54 N,-78.53 W,29,10,Win
9/21/2014,2014,BUF,LAC,42.54 N,-78.53 W,10,22,Loss
10/12/2014,2014,BUF,NE,42.54 N,-78.53 W,22,37,Loss
10/19/2014,2014,BUF,MIN,42.54 N,-78.53 W,17,16,Win
11/9/2014,2014,BUF,KC,42.54 N,-78.53 W,13,17,Loss
11/24/2014,2014,BUF,NYJ,42.54 N,-78.53 W,38,3,Win
11/30/2014,2014,BUF,CLE,42.54 N,-78.53 W,26,10,Win
12/14/2014,2014,BUF,GB,42.54 N,-78.53 W,21,13,Win
9/14/2014,2014,CAR,DET,35.14 N,-80.50 W,24,7,Win
9/21/2014,2014,CAR,PIT,35.14 N,-80.50 W,19,37,Loss
10/5/2014,2014,CAR,CHI,35.14 N,-80.50 W,31,24,Win
10/26/2014,2014,CAR,SEA,35.14 N,-80.50 W,9,13,Loss
10/30/2014,2014,CAR,NO,35.14 N,-80.50 W,10,28,Loss
11/16/2014,2014,CAR,ATL,35.14 N,-80.50 W,17,19,Loss
12/14/2014,2014,CAR,TB,35.14 N,-80.50 W,19,17,Win
12/21/2014,2014,CAR,CLE,35.14 N,-80.50 W,17,13,Win
1/3/2015,2014,CAR,ARI,35.14 N,-80.50 W,27,16,Win
9/7/2014,2014,CHI,BUF,41.53 N,-87.38 W,20,23,Loss
9/28/2014,2014,CHI,GB,41.53 N,-87.38 W,17,38,Loss
10/19/2014,2014,CHI,MIA,41.53 N,-87.38 W,14,27,Loss
11/16/2014,2014,CHI,MIN,41.53 N,-87.38 W,21,13,Win
11/23/2014,2014,CHI,TB,41.53 N,-87.38 W,21,13,Win
12/4/2014,2014,CHI,DAL,41.53 N,-87.38 W,28,41,Loss
12/15/2014,2014,CHI,NO,41.53 N,-87.38 W,15,31,Loss
12/21/2014,2014,CHI,DET,41.53 N,-87.38 W,14,20,Loss
9/14/2014,2014,CIN,ATL,39.06 N,-84.31 W,24,10,Win
9/21/2014,2014,CIN,TEN,39.06 N,-84.31 W,33,7,Win
10/12/2014,2014,CIN,CAR,39.06 N,-84.31 W,37,37,Tie
10/26/2014,2014,CIN,BAL,39.06 N,-84.31 W,27,24,Win
11/2/2014,2014,CIN,JAX,39.06 N,-84.31 W,33,23,Win
11/6/2014,2014,CIN,CLE,39.06 N,-84.31 W,3,24,Loss
12/7/2014,2014,CIN,PIT,39.06 N,-84.31 W,21,42,Loss
12/22/2014,2014,CIN,DEN,39.06 N,-84.31 W,37,28,Win
9/14/2014,2014,CLE,NO,41.30 N,-81.41 W,26,24,Win
9/21/2014,2014,CLE,BAL,41.30 N,-81.41 W,21,23,Loss
10/12/2014,2014,CLE,PIT,41.30 N,-81.41 W,31,10,Win
10/26/2014,2014,CLE,OAK,41.30 N,-81.41 W,23,13,Win
11/2/2014,2014,CLE,TB,41.30 N,-81.41 W,22,17,Win
11/16/2014,2014,CLE,HOU,41.30 N,-81.41 W,7,23,Loss
12/7/2014,2014,CLE,IND,41.30 N,-81.41 W,24,25,Loss
12/14/2014,2014,CLE,CIN,41.30 N,-81.41 W,0,30,Loss
9/7/2014,2014,DAL,SF,32.47 N,-96.48 W,17,28,Loss
9/28/2014,2014,DAL,NO,32.47 N,-96.48 W,38,17,Win
10/5/2014,2014,DAL,HOU,32.47 N,-96.48 W,20,17,Win
10/19/2014,2014,DAL,NYG,32.47 N,-96.48 W,31,21,Win
10/27/2014,2014,DAL,WSH,32.47 N,-96.48 W,17,20,Loss
11/2/2014,2014,DAL,ARI,32.47 N,-96.48 W,17,28,Loss
11/9/2014,2014,DAL,JAX,32.47 N,-96.48 W,31,17,Win
11/27/2014,2014,DAL,PHI,32.47 N,-96.48 W,10,33,Loss
12/21/2014,2014,DAL,IND,32.47 N,-96.48 W,42,7,Win
1/4/2015,2014,DAL,DET,32.47 N,-96.48 W,24,20,Win
9/7/2014,2014,DEN,IND,39.43 N,-105.01 W,31,24,Win
9/14/2014,2014,DEN,KC,39.43 N,-105.01 W,24,17,Win
10/5/2014,2014,DEN,ARI,39.43 N,-105.01 W,41,20,Win
10/19/2014,2014,DEN,SF,39.43 N,-105.01 W,42,17,Win
10/23/2014,2014,DEN,LAC,39.43 N,-105.01 W,35,21,Win
11/23/2014,2014,DEN,MIA,39.43 N,-105.01 W,39,36,Win
12/7/2014,2014,DEN,BUF,39.43 N,-105.01 W,24,17,Win
12/28/2014,2014,DEN,OAK,39.43 N,-105.01 W,47,14,Win
1/11/2015,2014,DEN,IND,39.43 N,-105.01 W,13,24,Loss
9/8/2014,2014,DET,NYG,42.20 N,-83.03 W,35,14,Win
9/21/2014,2014,DET,GB,42.20 N,-83.03 W,19,7,Win
10/5/2014,2014,DET,BUF,42.20 N,-83.03 W,14,17,Loss
10/19/2014,2014,DET,NO,42.20 N,-83.03 W,24,23,Win
10/26/2014,2014,DET,ATL,42.20 N,-83.03 W,22,21,Win
11/9/2014,2014,DET,MIA,42.20 N,-83.03 W,20,16,Win
11/27/2014,2014,DET,CHI,42.20 N,-83.03 W,34,17,Win
12/7/2014,2014,DET,TB,42.20 N,-83.03 W,34,17,Win
12/14/2014,2014,DET,MIN,42.20 N,-83.03 W,16,14,Win
9/14/2014,2014,GB,NYJ,44.30 N,-88.01 W,31,24,Win
10/2/2014,2014,GB,MIN,44.30 N,-88.01 W,42,10,Win
10/19/2014,2014,GB,CAR,44.30 N,-88.01 W,38,17,Win
11/9/2014,2014,GB,CHI,44.30 N,-88.01 W,55,14,Win
11/16/2014,2014,GB,PHI,44.30 N,-88.01 W,53,20,Win
11/30/2014,2014,GB,NE,44.30 N,-88.01 W,26,21,Win
12/8/2014,2014,GB,ATL,44.30 N,-88.01 W,43,37,Win
12/28/2014,2014,GB,DET,44.30 N,-88.01 W,30,20,Win
1/11/2015,2014,GB,DAL,44.30 N,-88.01 W,26,21,Win
9/7/2014,2014,HOU,WSH,29.46 N,-95.22 W,17,6,Win
9/28/2014,2014,HOU,BUF,29.46 N,-95.22 W,23,17,Win
10/9/2014,2014,HOU,IND,29.46 N,-95.22 W,28,33,Loss
11/2/2014,2014,HOU,PHI,29.46 N,-95.22 W,21,31,Loss
11/23/2014,2014,HOU,CIN,29.46 N,-95.22 W,13,22,Loss
11/30/2014,2014,HOU,TEN,29.46 N,-95.22 W,45,21,Win
12/21/2014,2014,HOU,BAL,29.46 N,-95.22 W,25,13,Win
12/28/2014,2014,HOU,JAX,29.46 N,-95.22 W,23,17,Win
9/15/2014,2014,IND,PHI,39.46 N,-86.09 W,27,30,Loss
9/28/2014,2014,IND,TEN,39.46 N,-86.09 W,41,17,Win
10/5/2014,2014,IND,BAL,39.46 N,-86.09 W,20,13,Win
10/19/2014,2014,IND,CIN,39.46 N,-86.09 W,27,0,Win
11/16/2014,2014,IND,NE,39.46 N,-86.09 W,20,42,Loss
11/23/2014,2014,IND,JAX,39.46 N,-86.09 W,23,3,Win
11/30/2014,2014,IND,WSH,39.46 N,-86.09 W,49,27,Win
12/14/2014,2014,IND,HOU,39.46 N,-86.09 W,17,10,Win
1/4/2015,2014,IND,CIN,39.46 N,-86.09 W,26,10,Win
9/21/2014,2014,JAX,IND,30.20 N,-81.40 W,17,44,Loss
10/5/2014,2014,JAX,PIT,30.20 N,-81.40 W,9,17,Loss
10/19/2014,2014,JAX,CLE,30.20 N,-81.40 W,24,6,Win
10/26/2014,2014,JAX,MIA,30.20 N,-81.40 W,13,27,Loss
11/30/2014,2014,JAX,NYG,30.20 N,-81.40 W,25,24,Win
12/7/2014,2014,JAX,HOU,30.20 N,-81.40 W,13,27,Loss
12/18/2014,2014,JAX,TEN,30.20 N,-81.40 W,21,13,Win
9/7/2014,2014,KC,TEN,39.06 N,-94.37 W,10,26,Loss
9/29/2014,2014,KC,NE,39.06 N,-94.37 W,41,14,Win
10/26/2014,2014,KC,LAR,39.06 N,-94.37 W,34,7,Win
11/2/2014,2014,KC,NYJ,39.06 N,-94.37 W,24,10,Win
11/16/2014,2014,KC,SEA,39.06 N,-94.37 W,24,20,Win
11/30/2014,2014,KC,DEN,39.06 N,-94.37 W,16,29,Loss
12/14/2014,2014,KC,OAK,39.06 N,-94.37 W,31,13,Win
12/28/2014,2014,KC,LAC,39.06 N,-94.37 W,19,7,Win
9/14/2014,2014,LAC,SEA,39.06 N,-94.37 W,30,21,Win
9/28/2014,2014,LAC,JAX,39.06 N,-94.37 W,33,14,Win
10/5/2014,2014,LAC,NYJ,39.06 N,-94.37 W,31,0,Win
10/19/2014,2014,LAC,KC,39.06 N,-94.37 W,20,23,Loss
11/16/2014,2014,LAC,OAK,39.06 N,-94.37 W,13,6,Win
11/23/2014,2014,LAC,LAR,39.06 N,-94.37 W,27,24,Win
12/7/2014,2014,LAC,NE,39.06 N,-94.37 W,14,23,Loss
12/14/2014,2014,LAC,DEN,39.06 N,-94.37 W,10,22,Loss
9/7/2014,2014,LAR,MIN,39.06 N,-94.37 W,6,34,Loss
9/21/2014,2014,LAR,DAL,39.06 N,-94.37 W,31,34,Loss
10/13/2014,2014,LAR,SF,39.06 N,-94.37 W,17,31,Loss
10/19/2014,2014,LAR,SEA,39.06 N,-94.37 W,28,26,Win
11/16/2014,2014,LAR,DEN,39.06 N,-94.37 W,22,7,Win
11/30/2014,2014,LAR,OAK,39.06 N,-94.37 W,52,0,Win
12/11/2014,2014,LAR,ARI,39.06 N,-94.37 W,6,12,Loss
12/21/2014,2014,LAR,NYG,39.06 N,-94.37 W,27,37,Loss
9/7/2014,2014,MIA,NE,25.46 N,-80.12 W,33,20,Win
9/21/2014,2014,MIA,KC,25.46 N,-80.12 W,15,34,Loss
9/28/2014,2014,MIA,OAK,25.46 N,-80.12 W,38,14,Win
10/12/2014,2014,MIA,GB,25.46 N,-80.12 W,24,27,Loss
11/2/2014,2014,MIA,LAC,25.46 N,-80.12 W,37,0,Win
11/13/2014,2014,MIA,BUF,25.46 N,-80.12 W,22,9,Win
12/7/2014,2014,MIA,BAL,25.46 N,-80.12 W,13,28,Loss
12/21/2014,2014,MIA,MIN,25.46 N,-80.12 W,37,35,Win
12/28/2014,2014,MIA,NYJ,25.46 N,-80.12 W,24,37,Loss
9/14/2014,2014,MIN,NE,44.59 N,-93.13 W,7,30,Loss
9/28/2014,2014,MIN,ATL,44.59 N,-93.13 W,41,28,Win
10/12/2014,2014,MIN,DET,44.59 N,-93.13 W,3,17,Loss
11/2/2014,2014,MIN,WSH,44.59 N,-93.13 W,29,26,Win
11/23/2014,2014,MIN,GB,44.59 N,-93.13 W,21,24,Loss
11/30/2014,2014,MIN,CAR,44.59 N,-93.13 W,31,13,Win
12/7/2014,2014,MIN,NYJ,44.59 N,-93.13 W,30,24,Win
12/28/2014,2014,MIN,CHI,44.59 N,-93.13 W,13,9,Win
9/21/2014,2014,NE,OAK,42.21 N,-71.04 W,16,9,Win
10/5/2014,2014,NE,CIN,42.21 N,-71.04 W,43,17,Win
10/16/2014,2014,NE,NYJ,42.21 N,-71.04 W,27,25,Win
10/26/2014,2014,NE,CHI,42.21 N,-71.04 W,51,23,Win
11/2/2014,2014,NE,DEN,42.21 N,-71.04 W,43,21,Win
11/23/2014,2014,NE,DET,42.21 N,-71.04 W,34,9,Win
12/14/2014,2014,NE,MIA,42.21 N,-71.04 W,41,13,Win
12/28/2014,2014,NE,BUF,42.21 N,-71.04 W,9,17,Loss
1/10/2015,2014,NE,BAL,42.21 N,-71.04 W,35,31,Win
1/18/2015,2014,NE,IND,42.21 N,-71.04 W,45,7,Win
2/1/2015,2014,NE,SEA,42.21 N,-71.04 W,28,24,Win
9/21/2014,2014,NO,MIN,29.58 N,-90.07 W,20,9,Win
10/5/2014,2014,NO,TB,29.58 N,-90.07 W,37,31,Win
10/26/2014,2014,NO,GB,29.58 N,-90.07 W,44,23,Win
11/9/2014,2014,NO,SF,29.58 N,-90.07 W,24,27,Loss
11/16/2014,2014,NO,CIN,29.58 N,-90.07 W,10,27,Loss
11/24/2014,2014,NO,BAL,29.58 N,-90.07 W,27,34,Loss
12/7/2014,2014,NO,CAR,29.58 N,-90.07 W,10,41,Loss
12/21/2014,2014,NO,ATL,29.58 N,-90.07 W,14,30,Loss
9/14/2014,2014,NYG,ARI,40.43 N,-74.01 W,14,25,Loss
9/21/2014,2014,NYG,HOU,40.43 N,-74.01 W,30,17,Win
10/5/2014,2014,NYG,ATL,40.43 N,-74.01 W,30,20,Win
11/3/2014,2014,NYG,IND,40.43 N,-74.01 W,24,40,Loss
11/16/2014,2014,NYG,SF,40.43 N,-74.01 W,10,16,Loss
11/23/2014,2014,NYG,DAL,40.43 N,-74.01 W,28,31,Loss
12/14/2014,2014,NYG,WSH,40.43 N,-74.01 W,24,13,Win
12/28/2014,2014,NYG,PHI,40.43 N,-74.01 W,26,34,Loss
9/7/2014,2014,NYJ,OAK,40.43 N,-74.01 W,19,14,Win
9/22/2014,2014,NYJ,CHI,40.43 N,-74.01 W,19,27,Loss
9/28/2014,2014,NYJ,DET,40.43 N,-74.01 W,17,24,Loss
10/12/2014,2014,NYJ,DEN,40.43 N,-74.01 W,17,31,Loss
10/26/2014,2014,NYJ,BUF,40.43 N,-74.01 W,23,43,Loss
11/9/2014,2014,NYJ,PIT,40.43 N,-74.01 W,20,13,Win
12/1/2014,2014,NYJ,MIA,40.43 N,-74.01 W,13,16,Loss
12/21/2014,2014,NYJ,NE,40.43 N,-74.01 W,16,17,Loss
9/14/2014,2014,OAK,HOU,37.47 N,-122.13 W,14,30,Loss
10/12/2014,2014,OAK,LAC,37.47 N,-122.13 W,28,31,Loss
10/19/2014,2014,OAK,ARI,37.47 N,-122.13 W,13,24,Loss
11/9/2014,2014,OAK,DEN,37.47 N,-122.13 W,17,41,Loss
11/20/2014,2014,OAK,KC,37.47 N,-122.13 W,24,20,Win
12/7/2014,2014,OAK,SF,37.47 N,-122.13 W,24,13,Win
12/21/2014,2014,OAK,BUF,37.47 N,-122.13 W,26,24,Win
9/7/2014,2014,PHI,JAX,39.57 N,-75.07 W,34,17,Win
9/21/2014,2014,PHI,WSH,39.57 N,-75.07 W,37,34,Win
10/5/2014,2014,PHI,LAR,39.57 N,-75.07 W,34,28,Win
10/12/2014,2014,PHI,NYG,39.57 N,-75.07 W,27,0,Win
11/10/2014,2014,PHI,CAR,39.57 N,-75.07 W,45,21,Win
11/23/2014,2014,PHI,TEN,39.57 N,-75.07 W,43,24,Win
12/7/2014,2014,PHI,SEA,39.57 N,-75.07 W,14,24,Loss
12/14/2014,2014,PHI,DAL,39.57 N,-75.07 W,27,38,Loss
9/7/2014,2014,PIT,CLE,40.26 N,-80.00 W,30,27,Win
9/28/2014,2014,PIT,TB,40.26 N,-80.00 W,24,27,Loss
10/20/2014,2014,PIT,HOU,40.26 N,-80.00 W,30,23,Win
10/26/2014,2014,PIT,IND,40.26 N,-80.00 W,51,34,Win
11/2/2014,2014,PIT,BAL,40.26 N,-80.00 W,43,23,Win
11/30/2014,2014,PIT,NO,40.26 N,-80.00 W,32,35,Loss
12/21/2014,2014,PIT,KC,40.26 N,-80.00 W,20,12,Win
12/28/2014,2014,PIT,CIN,40.26 N,-80.00 W,27,17,Win
1/3/2015,2014,PIT,BAL,40.26 N,-80.00 W,17,30,Loss
9/4/2014,2014,SEA,GB,47.36 N,-122.20 W,36,16,Win
9/21/2014,2014,SEA,DEN,47.36 N,-122.20 W,26,20,Win
10/12/2014,2014,SEA,DAL,47.36 N,-122.20 W,23,30,Loss
11/2/2014,2014,SEA,OAK,47.36 N,-122.20 W,30,24,Win
11/9/2014,2014,SEA,NYG,47.36 N,-122.20 W,38,17,Win
11/23/2014,2014,SEA,ARI,47.36 N,-122.20 W,19,3,Win
12/14/2014,2014,SEA,SF,47.36 N,-122.20 W,17,7,Win
12/28/2014,2014,SEA,LAR,47.36 N,-122.20 W,20,6,Win
1/10/2015,2014,SEA,CAR,47.36 N,-122.20 W,31,17,Win
1/18/2015,2014,SEA,GB,47.36 N,-122.20 W,28,22,Win
9/14/2014,2014,SF,CHI,47.36 N,-122.20 W,20,28,Loss
9/28/2014,2014,SF,PHI,47.36 N,-122.20 W,26,21,Win
10/5/2014,2014,SF,KC,47.36 N,-122.20 W,22,17,Win
11/2/2014,2014,SF,LAR,47.36 N,-122.20 W,10,13,Loss
11/23/2014,2014,SF,WSH,47.36 N,-122.20 W,17,13,Win
11/27/2014,2014,SF,SEA,47.36 N,-122.20 W,3,19,Loss
12/20/2014,2014,SF,LAC,47.36 N,-122.20 W,35,38,Loss
12/28/2014,2014,SF,ARI,47.36 N,-122.20 W,20,17,Win
9/7/2014,2014,TB,CAR,27.57 N,-82.27 W,14,20,Loss
9/14/2014,2014,TB,LAR,27.57 N,-82.27 W,17,19,Loss
10/12/2014,2014,TB,BAL,27.57 N,-82.27 W,17,48,Loss
10/26/2014,2014,TB,MIN,27.57 N,-82.27 W,13,19,Loss
11/9/2014,2014,TB,ATL,27.57 N,-82.27 W,17,27,Loss
11/30/2014,2014,TB,CIN,27.57 N,-82.27 W,13,14,Loss
12/21/2014,2014,TB,GB,27.57 N,-82.27 W,3,20,Loss
12/28/2014,2014,TB,NO,27.57 N,-82.27 W,20,23,Loss
9/14/2014,2014,TEN,DAL,36.09 N,-86.48 W,10,26,Loss
10/5/2014,2014,TEN,CLE,36.09 N,-86.48 W,28,29,Loss
10/12/2014,2014,TEN,JAX,36.09 N,-86.48 W,16,14,Win
10/26/2014,2014,TEN,HOU,36.09 N,-86.48 W,16,30,Loss
11/17/2014,2014,TEN,PIT,36.09 N,-86.48 W,24,27,Loss
12/7/2014,2014,TEN,NYG,36.09 N,-86.48 W,7,36,Loss
12/14/2014,2014,TEN,NYJ,36.09 N,-86.48 W,11,16,Loss
12/28/2014,2014,TEN,IND,36.09 N,-86.48 W,10,27,Loss
9/14/2014,2014,WSH,JAX,38.54 N,-77.01 W,41,10,Win
9/25/2014,2014,WSH,NYG,38.54 N,-77.01 W,14,45,Loss
10/6/2014,2014,WSH,SEA,38.54 N,-77.01 W,17,27,Loss
10/19/2014,2014,WSH,TEN,38.54 N,-77.01 W,19,17,Win
11/16/2014,2014,WSH,TB,38.54 N,-77.01 W,7,27,Loss
12/7/2014,2014,WSH,LAR,38.54 N,-77.01 W,0,24,Loss
12/20/2014,2014,WSH,PHI,38.54 N,-77.01 W,27,24,Win
12/28/2014,2014,WSH,DAL,38.54 N,-77.01 W,17,44,Loss
9/13/2015,2015,ARI,NO,33.27 N,-112.05 W,31,19,Win
9/27/2015,2015,ARI,SF,33.27 N,-112.05 W,47,7,Win
10/4/2015,2015,ARI,LAR,33.27 N,-112.05 W,22,24,Loss
10/26/2015,2015,ARI,BAL,33.27 N,-112.05 W,26,18,Win
11/22/2015,2015,ARI,CIN,33.27 N,-112.05 W,34,31,Win
12/10/2015,2015,ARI,MIN,33.27 N,-112.05 W,23,20,Win
12/27/2015,2015,ARI,GB,33.27 N,-112.05 W,38,8,Win
1/3/2016,2015,ARI,SEA,33.27 N,-112.05 W,6,36,Loss
1/15/2016,2015,ARI,GB,33.27 N,-112.05 W,26,20,Win
9/14/2015,2015,ATL,PHI,33.45 N,-84.23 W,26,24,Win
10/4/2015,2015,ATL,HOU,33.45 N,-84.23 W,48,21,Win
10/11/2015,2015,ATL,WSH,33.45 N,-84.23 W,25,19,Win
11/1/2015,2015,ATL,TB,33.45 N,-84.23 W,20,23,Loss
11/22/2015,2015,ATL,IND,33.45 N,-84.23 W,21,24,Loss
11/29/2015,2015,ATL,MIN,33.45 N,-84.23 W,10,20,Loss
12/27/2015,2015,ATL,CAR,33.45 N,-84.23 W,20,13,Win
1/3/2016,2015,ATL,NO,33.45 N,-84.23 W,17,20,Loss
9/27/2015,2015,BAL,CIN,39.17 N,-76.37 W,24,28,Loss
10/11/2015,2015,BAL,CLE,39.17 N,-76.37 W,30,33,Loss
11/1/2015,2015,BAL,LAC,39.17 N,-76.37 W,29,26,Win
11/15/2015,2015,BAL,JAX,39.17 N,-76.37 W,20,22,Loss
11/22/2015,2015,BAL,LAR,39.17 N,-76.37 W,16,13,Win
12/13/2015,2015,BAL,SEA,39.17 N,-76.37 W,6,35,Loss
12/20/2015,2015,BAL,KC,39.17 N,-76.37 W,14,34,Loss
12/27/2015,2015,BAL,PIT,39.17 N,-76.37 W,20,17,Win
9/13/2015,2015,BUF,IND,42.54 N,-78.53 W,27,14,Win
9/20/2015,2015,BUF,NE,42.54 N,-78.53 W,32,40,Loss
10/4/2015,2015,BUF,NYG,42.54 N,-78.53 W,10,24,Loss
10/18/2015,2015,BUF,CIN,42.54 N,-78.53 W,21,34,Loss
11/8/2015,2015,BUF,MIA,42.54 N,-78.53 W,33,17,Win
12/6/2015,2015,BUF,HOU,42.54 N,-78.53 W,30,21,Win
12/27/2015,2015,BUF,DAL,42.54 N,-78.53 W,16,6,Win
1/3/2016,2015,BUF,NYJ,42.54 N,-78.53 W,22,17,Win
9/20/2015,2015,CAR,HOU,35.14 N,-80.50 W,24,17,Win
9/27/2015,2015,CAR,NO,35.14 N,-80.50 W,27,22,Win
10/25/2015,2015,CAR,PHI,35.14 N,-80.50 W,27,16,Win
11/2/2015,2015,CAR,IND,35.14 N,-80.50 W,29,26,Win
11/8/2015,2015,CAR,GB,35.14 N,-80.50 W,37,29,Win
11/22/2015,2015,CAR,WSH,35.14 N,-80.50 W,44,16,Win
12/13/2015,2015,CAR,ATL,35.14 N,-80.50 W,38,0,Win
1/3/2016,2015,CAR,TB,35.14 N,-80.50 W,38,10,Win
1/16/2016,2015,CAR,SEA,35.14 N,-80.50 W,31,24,Win
1/24/2016,2015,CAR,ARI,35.14 N,-80.50 W,49,15,Win
9/13/2015,2015,CHI,GB,41.53 N,-87.38 W,23,31,Loss
9/20/2015,2015,CHI,ARI,41.53 N,-87.38 W,23,48,Loss
10/4/2015,2015,CHI,OAK,41.53 N,-87.38 W,22,20,Win
11/1/2015,2015,CHI,MIN,41.53 N,-87.38 W,20,23,Loss
11/22/2015,2015,CHI,DEN,41.53 N,-87.38 W,15,17,Loss
12/6/2015,2015,CHI,SF,41.53 N,-87.38 W,20,26,Loss
12/13/2015,2015,CHI,WSH,41.53 N,-87.38 W,21,24,Loss
1/3/2016,2015,CHI,DET,41.53 N,-87.38 W,20,24,Loss
9/20/2015,2015,CIN,LAC,39.06 N,-84.31 W,24,19,Win
10/4/2015,2015,CIN,KC,39.06 N,-84.31 W,36,21,Win
10/11/2015,2015,CIN,SEA,39.06 N,-84.31 W,27,24,Win
11/5/2015,2015,CIN,CLE,39.06 N,-84.31 W,31,10,Win
11/16/2015,2015,CIN,HOU,39.06 N,-84.31 W,6,10,Loss
11/29/2015,2015,CIN,LAR,39.06 N,-84.31 W,31,7,Win
12/13/2015,2015,CIN,PIT,39.06 N,-84.31 W,20,33,Loss
1/3/2016,2015,CIN,BAL,39.06 N,-84.31 W,24,16,Win
1/8/2016,2015,CIN,PIT,39.06 N,-84.31 W,16,18,Loss
9/20/2015,2015,CLE,TEN,41.30 N,-81.41 W,28,14,Win
9/27/2015,2015,CLE,OAK,41.30 N,-81.41 W,20,27,Loss
10/18/2015,2015,CLE,DEN,41.30 N,-81.41 W,23,26,Loss
11/1/2015,2015,CLE,ARI,41.30 N,-81.41 W,20,34,Loss
11/30/2015,2015,CLE,BAL,41.30 N,-81.41 W,27,33,Loss
12/6/2015,2015,CLE,CIN,41.30 N,-81.41 W,3,37,Loss
12/13/2015,2015,CLE,SF,41.30 N,-81.41 W,24,10,Win
1/3/2016,2015,CLE,PIT,41.30 N,-81.41 W,12,28,Loss
9/13/2015,2015,DAL,NYG,32.47 N,-96.48 W,27,26,Win
9/27/2015,2015,DAL,ATL,32.47 N,-96.48 W,28,39,Loss
10/11/2015,2015,DAL,NE,32.47 N,-96.48 W,6,30,Loss
11/1/2015,2015,DAL,SEA,32.47 N,-96.48 W,12,13,Loss
11/8/2015,2015,DAL,PHI,32.47 N,-96.48 W,27,33,Loss
11/26/2015,2015,DAL,CAR,32.47 N,-96.48 W,14,33,Loss
12/19/2015,2015,DAL,NYJ,32.47 N,-96.48 W,16,19,Loss
1/3/2016,2015,DAL,WSH,32.47 N,-96.48 W,23,34,Loss
9/13/2015,2015,DEN,BAL,39.43 N,-105.01 W,19,13,Win
10/4/2015,2015,DEN,MIN,39.43 N,-105.01 W,23,20,Win
11/1/2015,2015,DEN,GB,39.43 N,-105.01 W,29,10,Win
11/15/2015,2015,DEN,KC,39.43 N,-105.01 W,13,29,Loss
11/29/2015,2015,DEN,NE,39.43 N,-105.01 W,30,24,Win
12/13/2015,2015,DEN,OAK,39.43 N,-105.01 W,12,15,Loss
12/28/2015,2015,DEN,CIN,39.43 N,-105.01 W,20,17,Win
1/3/2016,2015,DEN,LAC,39.43 N,-105.01 W,27,20,Win
1/16/2016,2015,DEN,PIT,39.43 N,-105.01 W,23,16,Win
1/24/2016,2015,DEN,NE,39.43 N,-105.01 W,20,18,Win
2/7/2016,2015,DEN,CAR,39.43 N,-105.01 W,24,10,Win
9/27/2015,2015,DET,DEN,42.20 N,-83.03 W,12,24,Loss
10/11/2015,2015,DET,ARI,42.20 N,-83.03 W,17,42,Loss
10/18/2015,2015,DET,CHI,42.20 N,-83.03 W,37,34,Win
10/25/2015,2015,DET,MIN,42.20 N,-83.03 W,19,28,Loss
11/22/2015,2015,DET,OAK,42.20 N,-83.03 W,18,13,Win
11/26/2015,2015,DET,PHI,42.20 N,-83.03 W,45,14,Win
12/3/2015,2015,DET,GB,42.20 N,-83.03 W,23,27,Loss
12/27/2015,2015,DET,SF,42.20 N,-83.03 W,32,17,Win
9/20/2015,2015,GB,SEA,44.30 N,-88.01 W,27,17,Win
9/28/2015,2015,GB,KC,44.30 N,-88.01 W,38,28,Win
10/11/2015,2015,GB,LAR,44.30 N,-88.01 W,24,10,Win
10/18/2015,2015,GB,LAC,44.30 N,-88.01 W,27,20,Win
11/15/2015,2015,GB,DET,44.30 N,-88.01 W,16,18,Loss
11/26/2015,2015,GB,CHI,44.30 N,-88.01 W,13,17,Loss
12/13/2015,2015,GB,DAL,44.30 N,-88.01 W,28,7,Win
1/3/2016,2015,GB,MIN,44.30 N,-88.01 W,13,20,Loss
9/13/2015,2015,HOU,KC,29.46 N,-95.22 W,20,27,Loss
9/27/2015,2015,HOU,TB,29.46 N,-95.22 W,19,9,Win
10/8/2015,2015,HOU,IND,29.46 N,-95.22 W,20,27,Loss
11/1/2015,2015,HOU,TEN,29.46 N,-95.22 W,20,6,Win
11/22/2015,2015,HOU,NYJ,29.46 N,-95.22 W,24,17,Win
11/29/2015,2015,HOU,NO,29.46 N,-95.22 W,24,6,Win
12/13/2015,2015,HOU,NE,29.46 N,-95.22 W,6,27,Loss
1/3/2016,2015,HOU,JAX,29.46 N,-95.22 W,30,6,Win
1/8/2016,2015,HOU,KC,29.46 N,-95.22 W,0,30,Loss
9/21/2015,2015,IND,NYJ,39.46 N,-86.09 W,7,20,Loss
10/4/2015,2015,IND,JAX,39.46 N,-86.09 W,16,13,Win
10/18/2015,2015,IND,NE,39.46 N,-86.09 W,27,34,Loss
10/25/2015,2015,IND,NO,39.46 N,-86.09 W,21,27,Loss
11/8/2015,2015,IND,DEN,39.46 N,-86.09 W,27,24,Win
11/29/2015,2015,IND,TB,39.46 N,-86.09 W,25,12,Win
12/20/2015,2015,IND,HOU,39.46 N,-86.09 W,10,16,Loss
1/3/2016,2015,IND,TEN,39.46 N,-86.09 W,30,24,Win
9/13/2015,2015,JAX,CAR,30.20 N,-81.40 W,9,20,Loss
9/20/2015,2015,JAX,MIA,30.20 N,-81.40 W,23,20,Win
10/18/2015,2015,JAX,HOU,30.20 N,-81.40 W,20,31,Loss
10/25/2015,2015,JAX,BUF,30.20 N,-81.40 W,34,31,Win
11/19/2015,2015,JAX,TEN,30.20 N,-81.40 W,19,13,Win
11/29/2015,2015,JAX,LAC,30.20 N,-81.40 W,25,31,Loss
12/13/2015,2015,JAX,IND,30.20 N,-81.40 W,51,16,Win
12/20/2015,2015,JAX,ATL,30.20 N,-81.40 W,17,23,Loss
9/17/2015,2015,KC,DEN,39.06 N,-94.37 W,24,31,Loss
10/11/2015,2015,KC,CHI,39.06 N,-94.37 W,17,18,Loss
10/25/2015,2015,KC,PIT,39.06 N,-94.37 W,23,13,Win
11/1/2015,2015,KC,DET,39.06 N,-94.37 W,45,10,Win
11/29/2015,2015,KC,BUF,39.06 N,-94.37 W,30,22,Win
12/13/2015,2015,KC,LAC,39.06 N,-94.37 W,10,3,Win
12/27/2015,2015,KC,CLE,39.06 N,-94.37 W,17,13,Win
1/3/2016,2015,KC,OAK,39.06 N,-94.37 W,23,17,Win
9/13/2015,2015,LAC,DET,39.06 N,-94.37 W,33,28,Win
10/4/2015,2015,LAC,CLE,39.06 N,-94.37 W,30,27,Win
10/12/2015,2015,LAC,PIT,39.06 N,-94.37 W,20,24,Loss
10/25/2015,2015,LAC,OAK,39.06 N,-94.37 W,29,37,Loss
11/9/2015,2015,LAC,CHI,39.06 N,-94.37 W,19,22,Loss
11/22/2015,2015,LAC,KC,39.06 N,-94.37 W,3,33,Loss
12/6/2015,2015,LAC,DEN,39.06 N,-94.37 W,3,17,Loss
12/20/2015,2015,LAC,MIA,39.06 N,-94.37 W,30,14,Win
9/13/2015,2015,LAR,SEA,39.06 N,-94.37 W,34,31,Win
9/27/2015,2015,LAR,PIT,39.06 N,-94.37 W,6,12,Loss
10/25/2015,2015,LAR,CLE,39.06 N,-94.37 W,24,6,Win
11/1/2015,2015,LAR,SF,39.06 N,-94.37 W,27,6,Win
11/15/2015,2015,LAR,CHI,39.06 N,-94.37 W,13,37,Loss
12/6/2015,2015,LAR,ARI,39.06 N,-94.37 W,3,27,Loss
12/13/2015,2015,LAR,DET,39.06 N,-94.37 W,21,14,Win
12/17/2015,2015,LAR,TB,39.06 N,-94.37 W,31,23,Win
9/27/2015,2015,MIA,BUF,25.46 N,-80.12 W,14,41,Loss
10/4/2015,2015,MIA,NYJ,25.46 N,-80.12 W,14,27,Loss
10/25/2015,2015,MIA,HOU,25.46 N,-80.12 W,44,26,Win
11/22/2015,2015,MIA,DAL,25.46 N,-80.12 W,14,24,Loss
12/6/2015,2015,MIA,BAL,25.46 N,-80.12 W,15,13,Win
12/14/2015,2015,MIA,NYG,25.46 N,-80.12 W,24,31,Loss
12/27/2015,2015,MIA,IND,25.46 N,-80.12 W,12,18,Loss
1/3/2016,2015,MIA,NE,25.46 N,-80.12 W,20,10,Win
9/20/2015,2015,MIN,DET,44.59 N,-93.13 W,26,16,Win
9/27/2015,2015,MIN,LAC,44.59 N,-93.13 W,31,14,Win
10/18/2015,2015,MIN,KC,44.59 N,-93.13 W,16,10,Win
11/8/2015,2015,MIN,LAR,44.59 N,-93.13 W,21,18,Win
11/22/2015,2015,MIN,GB,44.59 N,-93.13 W,13,30,Loss
12/6/2015,2015,MIN,SEA,44.59 N,-93.13 W,7,38,Loss
12/20/2015,2015,MIN,CHI,44.59 N,-93.13 W,38,17,Win
12/27/2015,2015,MIN,NYG,44.59 N,-93.13 W,49,17,Win
1/9/2016,2015,MIN,SEA,44.59 N,-93.13 W,9,10,Loss
9/10/2015,2015,NE,PIT,42.21 N,-71.04 W,28,21,Win
9/27/2015,2015,NE,JAX,42.21 N,-71.04 W,51,17,Win
10/25/2015,2015,NE,NYJ,42.21 N,-71.04 W,30,23,Win
10/29/2015,2015,NE,MIA,42.21 N,-71.04 W,36,7,Win
11/8/2015,2015,NE,WSH,42.21 N,-71.04 W,27,10,Win
11/23/2015,2015,NE,BUF,42.21 N,-71.04 W,20,13,Win
12/6/2015,2015,NE,PHI,42.21 N,-71.04 W,28,35,Loss
12/20/2015,2015,NE,TEN,42.21 N,-71.04 W,33,16,Win
1/15/2016,2015,NE,KC,42.21 N,-71.04 W,27,20,Win
9/20/2015,2015,NO,TB,29.58 N,-90.07 W,19,26,Loss
10/4/2015,2015,NO,DAL,29.58 N,-90.07 W,26,20,Win
10/15/2015,2015,NO,ATL,29.58 N,-90.07 W,31,21,Win
11/1/2015,2015,NO,NYG,29.58 N,-90.07 W,52,49,Win
11/8/2015,2015,NO,TEN,29.58 N,-90.07 W,28,34,Loss
12/6/2015,2015,NO,CAR,29.58 N,-90.07 W,38,41,Loss
12/21/2015,2015,NO,DET,29.58 N,-90.07 W,27,35,Loss
12/27/2015,2015,NO,JAX,29.58 N,-90.07 W,38,27,Win
9/20/2015,2015,NYG,ATL,40.43 N,-74.01 W,20,24,Loss
9/24/2015,2015,NYG,WSH,40.43 N,-74.01 W,32,21,Win
10/11/2015,2015,NYG,SF,40.43 N,-74.01 W,30,27,Win
10/25/2015,2015,NYG,DAL,40.43 N,-74.01 W,27,20,Win
11/15/2015,2015,NYG,NE,40.43 N,-74.01 W,26,27,Loss
12/6/2015,2015,NYG,NYJ,40.43 N,-74.01 W,20,23,Loss
12/20/2015,2015,NYG,CAR,40.43 N,-74.01 W,35,38,Loss
1/3/2016,2015,NYG,PHI,40.43 N,-74.01 W,30,35,Loss
9/13/2015,2015,NYJ,CLE,40.43 N,-74.01 W,31,10,Win
9/27/2015,2015,NYJ,PHI,40.43 N,-74.01 W,17,24,Loss
10/18/2015,2015,NYJ,WSH,40.43 N,-74.01 W,34,20,Win
11/8/2015,2015,NYJ,JAX,40.43 N,-74.01 W,28,23,Win
11/12/2015,2015,NYJ,BUF,40.43 N,-74.01 W,17,22,Loss
11/29/2015,2015,NYJ,MIA,40.43 N,-74.01 W,38,20,Win
12/13/2015,2015,NYJ,TEN,40.43 N,-74.01 W,30,8,Win
12/27/2015,2015,NYJ,NE,40.43 N,-74.01 W,26,20,Win
9/13/2015,2015,OAK,CIN,37.47 N,-122.13 W,13,33,Loss
9/20/2015,2015,OAK,BAL,37.47 N,-122.13 W,37,33,Win
10/11/2015,2015,OAK,DEN,37.47 N,-122.13 W,10,16,Loss
11/1/2015,2015,OAK,NYJ,37.47 N,-122.13 W,34,20,Win
11/15/2015,2015,OAK,MIN,37.47 N,-122.13 W,14,30,Loss
12/6/2015,2015,OAK,KC,37.47 N,-122.13 W,20,34,Loss
12/20/2015,2015,OAK,GB,37.47 N,-122.13 W,20,30,Loss
12/24/2015,2015,OAK,LAC,37.47 N,-122.13 W,23,20,Win
9/20/2015,2015,PHI,DAL,39.57 N,-75.07 W,10,20,Loss
10/11/2015,2015,PHI,NO,39.57 N,-75.07 W,39,17,Win
10/19/2015,2015,PHI,NYG,39.57 N,-75.07 W,27,7,Win
11/15/2015,2015,PHI,MIA,39.57 N,-75.07 W,19,20,Loss
11/22/2015,2015,PHI,TB,39.57 N,-75.07 W,17,45,Loss
12/13/2015,2015,PHI,BUF,39.57 N,-75.07 W,23,20,Win
12/20/2015,2015,PHI,ARI,39.57 N,-75.07 W,17,40,Loss
12/26/2015,2015,PHI,WSH,39.57 N,-75.07 W,24,38,Loss
9/20/2015,2015,PIT,SF,40.26 N,-80.00 W,43,18,Win
10/1/2015,2015,PIT,BAL,40.26 N,-80.00 W,20,23,Loss
10/18/2015,2015,PIT,ARI,40.26 N,-80.00 W,25,13,Win
11/1/2015,2015,PIT,CIN,40.26 N,-80.00 W,10,16,Loss
11/8/2015,2015,PIT,OAK,40.26 N,-80.00 W,38,35,Win
11/15/2015,2015,PIT,CLE,40.26 N,-80.00 W,30,9,Win
12/6/2015,2015,PIT,IND,40.26 N,-80.00 W,45,10,Win
12/20/2015,2015,PIT,DEN,40.26 N,-80.00 W,34,27,Win
9/27/2015,2015,SEA,CHI,47.36 N,-122.20 W,26,0,Win
10/5/2015,2015,SEA,DET,47.36 N,-122.20 W,13,10,Win
10/18/2015,2015,SEA,CAR,47.36 N,-122.20 W,23,27,Loss
11/15/2015,2015,SEA,ARI,47.36 N,-122.20 W,32,39,Loss
11/22/2015,2015,SEA,SF,47.36 N,-122.20 W,29,13,Win
11/29/2015,2015,SEA,PIT,47.36 N,-122.20 W,39,30,Win
12/20/2015,2015,SEA,CLE,47.36 N,-122.20 W,30,13,Win
12/27/2015,2015,SEA,LAR,47.36 N,-122.20 W,17,23,Loss
9/14/2015,2015,SF,MIN,47.36 N,-122.20 W,20,3,Win
10/4/2015,2015,SF,GB,47.36 N,-122.20 W,3,17,Loss
10/18/2015,2015,SF,BAL,47.36 N,-122.20 W,25,20,Win
10/22/2015,2015,SF,SEA,47.36 N,-122.20 W,3,20,Loss
11/8/2015,2015,SF,ATL,47.36 N,-122.20 W,17,16,Win
11/29/2015,2015,SF,ARI,47.36 N,-122.20 W,13,19,Loss
12/20/2015,2015,SF,CIN,47.36 N,-122.20 W,14,24,Loss
1/3/2016,2015,SF,LAR,47.36 N,-122.20 W,19,16,Win
9/13/2015,2015,TB,TEN,27.57 N,-82.27 W,14,42,Loss
10/4/2015,2015,TB,CAR,27.57 N,-82.27 W,23,37,Loss
10/11/2015,2015,TB,JAX,27.57 N,-82.27 W,38,31,Win
11/8/2015,2015,TB,NYG,27.57 N,-82.27 W,18,32,Loss
11/15/2015,2015,TB,DAL,27.57 N,-82.27 W,10,6,Win
12/6/2015,2015,TB,ATL,27.57 N,-82.27 W,23,19,Win
12/13/2015,2015,TB,NO,27.57 N,-82.27 W,17,24,Loss
12/27/2015,2015,TB,CHI,27.57 N,-82.27 W,21,26,Loss
9/27/2015,2015,TEN,IND,36.09 N,-86.48 W,33,35,Loss
10/11/2015,2015,TEN,BUF,36.09 N,-86.48 W,13,14,Loss
10/18/2015,2015,TEN,MIA,36.09 N,-86.48 W,10,38,Loss
10/25/2015,2015,TEN,ATL,36.09 N,-86.48 W,7,10,Loss
11/15/2015,2015,TEN,CAR,36.09 N,-86.48 W,10,27,Loss
11/29/2015,2015,TEN,OAK,36.09 N,-86.48 W,21,24,Loss
12/6/2015,2015,TEN,JAX,36.09 N,-86.48 W,42,39,Win
12/27/2015,2015,TEN,HOU,36.09 N,-86.48 W,6,34,Loss
9/13/2015,2015,WSH,MIA,38.54 N,-77.01 W,10,17,Loss
9/20/2015,2015,WSH,LAR,38.54 N,-77.01 W,24,10,Win
10/4/2015,2015,WSH,PHI,38.54 N,-77.01 W,23,20,Win
10/25/2015,2015,WSH,TB,38.54 N,-77.01 W,31,30,Win
11/15/2015,2015,WSH,NO,38.54 N,-77.01 W,47,14,Win
11/29/2015,2015,WSH,NYG,38.54 N,-77.01 W,20,14,Win
12/7/2015,2015,WSH,DAL,38.54 N,-77.01 W,16,19,Loss
12/20/2015,2015,WSH,BUF,38.54 N,-77.01 W,35,25,Win
1/9/2016,2015,WSH,GB,38.54 N,-77.01 W,18,35,Loss
9/11/2016,2016,ARI,NE,33.27 N,-112.05 W,21,23,Loss
9/18/2016,2016,ARI,TB,33.27 N,-112.05 W,40,7,Win
10/2/2016,2016,ARI,LAR,33.27 N,-112.05 W,13,17,Loss
10/17/2016,2016,ARI,NYJ,33.27 N,-112.05 W,28,3,Win
10/23/2016,2016,ARI,SEA,33.27 N,-112.05 W,6,6,Tie
11/13/2016,2016,ARI,SF,33.27 N,-112.05 W,23,20,Win
12/4/2016,2016,ARI,WSH,33.27 N,-112.05 W,31,23,Win
12/18/2016,2016,ARI,NO,33.27 N,-112.05 W,41,48,Loss
9/11/2016,2016,ATL,TB,33.45 N,-84.23 W,24,31,Loss
10/2/2016,2016,ATL,CAR,33.45 N,-84.23 W,48,33,Win
10/23/2016,2016,ATL,LAC,33.45 N,-84.23 W,30,33,Loss
10/30/2016,2016,ATL,GB,33.45 N,-84.23 W,33,32,Win
11/27/2016,2016,ATL,ARI,33.45 N,-84.23 W,38,19,Win
12/4/2016,2016,ATL,KC,33.45 N,-84.23 W,28,29,Loss
12/18/2016,2016,ATL,SF,33.45 N,-84.23 W,41,13,Win
1/1/2017,2016,ATL,NO,33.45 N,-84.23 W,38,32,Win
1/14/2017,2016,ATL,SEA,33.45 N,-84.23 W,36,20,Win
1/22/2017,2016,ATL,GB,33.45 N,-84.23 W,44,21,Win
2/5/2017,2016,ATL,NE,33.45 N,-84.23 W,28,34,Loss
9/11/2016,2016,BAL,BUF,39.17 N,-76.37 W,13,7,Win
10/2/2016,2016,BAL,OAK,39.17 N,-76.37 W,27,28,Loss
10/9/2016,2016,BAL,WSH,39.17 N,-76.37 W,10,16,Loss
11/6/2016,2016,BAL,PIT,39.17 N,-76.37 W,21,14,Win
11/10/2016,2016,BAL,CLE,39.17 N,-76.37 W,28,7,Win
11/27/2016,2016,BAL,CIN,39.17 N,-76.37 W,19,14,Win
12/4/2016,2016,BAL,MIA,39.17 N,-76.37 W,38,6,Win
12/18/2016,2016,BAL,PHI,39.17 N,-76.37 W,27,26,Win
9/15/2016,2016,BUF,NYJ,42.54 N,-78.53 W,31,37,Loss
9/25/2016,2016,BUF,ARI,42.54 N,-78.53 W,33,18,Win
10/16/2016,2016,BUF,SF,42.54 N,-78.53 W,45,16,Win
10/30/2016,2016,BUF,NE,42.54 N,-78.53 W,25,41,Loss
11/27/2016,2016,BUF,JAX,42.54 N,-78.53 W,28,21,Win
12/11/2016,2016,BUF,PIT,42.54 N,-78.53 W,20,27,Loss
12/18/2016,2016,BUF,CLE,42.54 N,-78.53 W,33,13,Win
12/24/2016,2016,BUF,MIA,42.54 N,-78.53 W,31,34,Loss
9/18/2016,2016,CAR,SF,35.14 N,-80.50 W,46,27,Win
9/25/2016,2016,CAR,MIN,35.14 N,-80.50 W,10,22,Loss
10/10/2016,2016,CAR,TB,35.14 N,-80.50 W,14,17,Loss
10/30/2016,2016,CAR,ARI,35.14 N,-80.50 W,30,20,Win
11/13/2016,2016,CAR,KC,35.14 N,-80.50 W,17,20,Loss
11/17/2016,2016,CAR,NO,35.14 N,-80.50 W,23,20,Win
12/11/2016,2016,CAR,LAC,35.14 N,-80.50 W,28,16,Win
12/24/2016,2016,CAR,ATL,35.14 N,-80.50 W,16,33,Loss
9/19/2016,2016,CHI,PHI,41.53 N,-87.38 W,14,29,Loss
10/2/2016,2016,CHI,DET,41.53 N,-87.38 W,17,14,Win
10/16/2016,2016,CHI,JAX,41.53 N,-87.38 W,16,17,Loss
10/31/2016,2016,CHI,MIN,41.53 N,-87.38 W,20,10,Win
11/27/2016,2016,CHI,TEN,41.53 N,-87.38 W,21,27,Loss
12/4/2016,2016,CHI,SF,41.53 N,-87.38 W,26,6,Win
12/18/2016,2016,CHI,GB,41.53 N,-87.38 W,27,30,Loss
12/24/2016,2016,CHI,WSH,41.53 N,-87.38 W,21,41,Loss
9/25/2016,2016,CIN,DEN,39.06 N,-84.31 W,17,29,Loss
9/29/2016,2016,CIN,MIA,39.06 N,-84.31 W,22,7,Win
10/23/2016,2016,CIN,CLE,39.06 N,-84.31 W,31,17,Win
10/30/2016,2016,CIN,WSH,39.06 N,-84.31 W,27,27,Tie
11/20/2016,2016,CIN,BUF,39.06 N,-84.31 W,12,16,Loss
12/4/2016,2016,CIN,PHI,39.06 N,-84.31 W,32,14,Win
12/18/2016,2016,CIN,PIT,39.06 N,-84.31 W,20,24,Loss
1/1/2017,2016,CIN,BAL,39.06 N,-84.31 W,27,10,Win
9/18/2016,2016,CLE,BAL,41.30 N,-81.41 W,20,25,Loss
10/9/2016,2016,CLE,NE,41.30 N,-81.41 W,13,33,Loss
10/30/2016,2016,CLE,NYJ,41.30 N,-81.41 W,28,31,Loss
11/6/2016,2016,CLE,DAL,41.30 N,-81.41 W,10,35,Loss
11/20/2016,2016,CLE,PIT,41.30 N,-81.41 W,9,24,Loss
11/27/2016,2016,CLE,NYG,41.30 N,-81.41 W,13,27,Loss
12/11/2016,2016,CLE,CIN,41.30 N,-81.41 W,10,23,Loss
12/24/2016,2016,CLE,LAC,41.30 N,-81.41 W,20,17,Win
9/11/2016,2016,DAL,NYG,32.47 N,-96.48 W,19,20,Loss
9/25/2016,2016,DAL,CHI,32.47 N,-96.48 W,31,17,Win
10/9/2016,2016,DAL,CIN,32.47 N,-96.48 W,28,14,Win
10/30/2016,2016,DAL,PHI,32.47 N,-96.48 W,29,23,Win
11/20/2016,2016,DAL,BAL,32.47 N,-96.48 W,27,17,Win
11/24/2016,2016,DAL,WSH,32.47 N,-96.48 W,31,26,Win
12/18/2016,2016,DAL,TB,32.47 N,-96.48 W,26,20,Win
12/26/2016,2016,DAL,DET,32.47 N,-96.48 W,42,21,Win
1/15/2017,2016,DAL,GB,32.47 N,-96.48 W,31,34,Loss
9/8/2016,2016,DEN,CAR,39.43 N,-105.01 W,21,20,Win
9/18/2016,2016,DEN,IND,39.43 N,-105.01 W,34,20,Win
10/9/2016,2016,DEN,ATL,39.43 N,-105.01 W,16,23,Loss
10/24/2016,2016,DEN,HOU,39.43 N,-105.01 W,27,9,Win
10/30/2016,2016,DEN,LAC,39.43 N,-105.01 W,27,19,Win
11/27/2016,2016,DEN,KC,39.43 N,-105.01 W,27,30,Loss
12/18/2016,2016,DEN,NE,39.43 N,-105.01 W,3,16,Loss
1/1/2017,2016,DEN,OAK,39.43 N,-105.01 W,24,6,Win
9/18/2016,2016,DET,TEN,42.20 N,-83.03 W,15,16,Loss
10/9/2016,2016,DET,PHI,42.20 N,-83.03 W,24,23,Win
10/16/2016,2016,DET,LAR,42.20 N,-83.03 W,31,28,Win
10/23/2016,2016,DET,WSH,42.20 N,-83.03 W,20,17,Win
11/20/2016,2016,DET,JAX,42.20 N,-83.03 W,26,19,Win
11/24/2016,2016,DET,MIN,42.20 N,-83.03 W,16,13,Win
12/11/2016,2016,DET,CHI,42.20 N,-83.03 W,20,17,Win
1/1/2017,2016,DET,GB,42.20 N,-83.03 W,24,31,Loss
9/25/2016,2016,GB,DET,44.30 N,-88.01 W,34,27,Win
10/9/2016,2016,GB,NYG,44.30 N,-88.01 W,23,16,Win
10/16/2016,2016,GB,DAL,44.30 N,-88.01 W,16,30,Loss
10/20/2016,2016,GB,CHI,44.30 N,-88.01 W,26,10,Win
11/6/2016,2016,GB,IND,44.30 N,-88.01 W,26,31,Loss
12/4/2016,2016,GB,HOU,44.30 N,-88.01 W,21,13,Win
12/11/2016,2016,GB,SEA,44.30 N,-88.01 W,38,10,Win
12/24/2016,2016,GB,MIN,44.30 N,-88.01 W,38,25,Win
1/8/2017,2016,GB,NYG,44.30 N,-88.01 W,38,13,Win
9/11/2016,2016,HOU,CHI,29.46 N,-95.22 W,23,14,Win
9/18/2016,2016,HOU,KC,29.46 N,-95.22 W,19,12,Win
10/2/2016,2016,HOU,TEN,29.46 N,-95.22 W,27,20,Win
10/16/2016,2016,HOU,IND,29.46 N,-95.22 W,26,23,Win
10/30/2016,2016,HOU,DET,29.46 N,-95.22 W,20,13,Win
11/27/2016,2016,HOU,LAC,29.46 N,-95.22 W,13,21,Loss
12/18/2016,2016,HOU,JAX,29.46 N,-95.22 W,21,20,Win
12/24/2016,2016,HOU,CIN,29.46 N,-95.22 W,12,10,Win
1/7/2017,2016,HOU,OAK,29.46 N,-95.22 W,27,14,Win
9/11/2016,2016,IND,DET,39.46 N,-86.09 W,35,39,Loss
9/25/2016,2016,IND,LAC,39.46 N,-86.09 W,26,22,Win
10/9/2016,2016,IND,CHI,39.46 N,-86.09 W,29,23,Win
10/30/2016,2016,IND,KC,39.46 N,-86.09 W,14,30,Loss
11/20/2016,2016,IND,TEN,39.46 N,-86.09 W,24,17,Win
11/24/2016,2016,IND,PIT,39.46 N,-86.09 W,7,28,Loss
12/11/2016,2016,IND,HOU,39.46 N,-86.09 W,17,22,Loss
1/1/2017,2016,IND,JAX,39.46 N,-86.09 W,24,20,Win
9/11/2016,2016,JAX,GB,30.20 N,-81.40 W,23,27,Loss
9/25/2016,2016,JAX,BAL,30.20 N,-81.40 W,17,19,Loss
10/2/2016,2016,JAX,IND,30.20 N,-81.40 W,30,27,Win
10/23/2016,2016,JAX,OAK,30.20 N,-81.40 W,16,33,Loss
11/13/2016,2016,JAX,HOU,30.20 N,-81.40 W,21,24,Loss
12/4/2016,2016,JAX,DEN,30.20 N,-81.40 W,10,20,Loss
12/11/2016,2016,JAX,MIN,30.20 N,-81.40 W,16,25,Loss
12/24/2016,2016,JAX,TEN,30.20 N,-81.40 W,38,17,Win
9/11/2016,2016,KC,LAC,39.06 N,-94.37 W,33,27,Win
9/25/2016,2016,KC,NYJ,39.06 N,-94.37 W,24,3,Win
10/23/2016,2016,KC,NO,39.06 N,-94.37 W,27,21,Win
11/6/2016,2016,KC,JAX,39.06 N,-94.37 W,19,14,Win
11/20/2016,2016,KC,TB,39.06 N,-94.37 W,17,19,Loss
12/8/2016,2016,KC,OAK,39.06 N,-94.37 W,21,13,Win
12/18/2016,2016,KC,TEN,39.06 N,-94.37 W,17,19,Loss
12/25/2016,2016,KC,DEN,39.06 N,-94.37 W,33,10,Win
1/15/2017,2016,KC,PIT,39.06 N,-94.37 W,16,18,Loss
9/18/2016,2016,LAC,JAX,39.06 N,-94.37 W,38,14,Win
10/2/2016,2016,LAC,NO,39.06 N,-94.37 W,34,35,Loss
10/13/2016,2016,LAC,DEN,39.06 N,-94.37 W,21,13,Win
11/6/2016,2016,LAC,TEN,39.06 N,-94.37 W,43,35,Win
11/13/2016,2016,LAC,MIA,39.06 N,-94.37 W,24,31,Loss
12/4/2016,2016,LAC,TB,39.06 N,-94.37 W,21,28,Loss
12/18/2016,2016,LAC,OAK,39.06 N,-94.37 W,16,19,Loss
1/1/2017,2016,LAC,KC,39.06 N,-94.37 W,27,37,Loss
9/18/2016,2016,LAR,SEA,39.06 N,-94.37 W,9,3,Win
10/9/2016,2016,LAR,BUF,39.06 N,-94.37 W,19,30,Loss
10/23/2016,2016,LAR,NYG,39.06 N,-94.37 W,10,17,Loss
11/6/2016,2016,LAR,CAR,39.06 N,-94.37 W,10,13,Loss
11/20/2016,2016,LAR,MIA,39.06 N,-94.37 W,10,14,Loss
12/11/2016,2016,LAR,ATL,39.06 N,-94.37 W,14,42,Loss
12/24/2016,2016,LAR,SF,39.06 N,-94.37 W,21,22,Loss
1/1/2017,2016,LAR,ARI,39.06 N,-94.37 W,6,44,Loss
9/25/2016,2016,MIA,CLE,25.46 N,-80.12 W,30,24,Win
10/9/2016,2016,MIA,TEN,25.46 N,-80.12 W,17,30,Loss
10/16/2016,2016,MIA,PIT,25.46 N,-80.12 W,30,15,Win
10/23/2016,2016,MIA,BUF,25.46 N,-80.12 W,28,25,Win
11/6/2016,2016,MIA,NYJ,25.46 N,-80.12 W,27,23,Win
11/27/2016,2016,MIA,SF,25.46 N,-80.12 W,31,24,Win
12/11/2016,2016,MIA,ARI,25.46 N,-80.12 W,26,23,Win
1/1/2017,2016,MIA,NE,25.46 N,-80.12 W,14,35,Loss
9/18/2016,2016,MIN,GB,44.59 N,-93.13 W,17,14,Win
10/3/2016,2016,MIN,NYG,44.59 N,-93.13 W,24,10,Win
10/9/2016,2016,MIN,HOU,44.59 N,-93.13 W,31,13,Win
11/6/2016,2016,MIN,DET,44.59 N,-93.13 W,16,22,Loss
11/20/2016,2016,MIN,ARI,44.59 N,-93.13 W,30,24,Win
12/1/2016,2016,MIN,DAL,44.59 N,-93.13 W,15,17,Loss
12/18/2016,2016,MIN,IND,44.59 N,-93.13 W,6,34,Loss
1/1/2017,2016,MIN,CHI,44.59 N,-93.13 W,38,10,Win
9/18/2016,2016,NE,MIA,42.21 N,-71.04 W,31,24,Win
9/22/2016,2016,NE,HOU,42.21 N,-71.04 W,27,0,Win
10/2/2016,2016,NE,BUF,42.21 N,-71.04 W,0,16,Loss
10/16/2016,2016,NE,CIN,42.21 N,-71.04 W,35,17,Win
11/13/2016,2016,NE,SEA,42.21 N,-71.04 W,24,31,Loss
12/4/2016,2016,NE,LAR,42.21 N,-71.04 W,26,10,Win
12/12/2016,2016,NE,BAL,42.21 N,-71.04 W,30,23,Win
12/24/2016,2016,NE,NYJ,42.21 N,-71.04 W,41,3,Win
1/14/2017,2016,NE,HOU,42.21 N,-71.04 W,34,16,Win
1/22/2017,2016,NE,PIT,42.21 N,-71.04 W,36,17,Win
9/11/2016,2016,NO,OAK,29.58 N,-90.07 W,34,35,Loss
9/26/2016,2016,NO,ATL,29.58 N,-90.07 W,32,45,Loss
10/16/2016,2016,NO,CAR,29.58 N,-90.07 W,41,38,Win
10/30/2016,2016,NO,SEA,29.58 N,-90.07 W,25,20,Win
11/13/2016,2016,NO,DEN,29.58 N,-90.07 W,23,25,Loss
11/27/2016,2016,NO,LAR,29.58 N,-90.07 W,49,21,Win
12/4/2016,2016,NO,DET,29.58 N,-90.07 W,13,28,Loss
12/24/2016,2016,NO,TB,29.58 N,-90.07 W,31,24,Win
9/18/2016,2016,NYG,NO,40.43 N,-74.01 W,16,13,Win
9/25/2016,2016,NYG,WSH,40.43 N,-74.01 W,27,29,Loss
10/16/2016,2016,NYG,BAL,40.43 N,-74.01 W,27,23,Win
11/6/2016,2016,NYG,PHI,40.43 N,-74.01 W,28,23,Win
11/14/2016,2016,NYG,CIN,40.43 N,-74.01 W,21,20,Win
11/20/2016,2016,NYG,CHI,40.43 N,-74.01 W,22,16,Win
12/11/2016,2016,NYG,DAL,40.43 N,-74.01 W,10,7,Win
12/18/2016,2016,NYG,DET,40.43 N,-74.01 W,17,6,Win
9/11/2016,2016,NYJ,CIN,40.43 N,-74.01 W,22,23,Loss
10/2/2016,2016,NYJ,SEA,40.43 N,-74.01 W,17,27,Loss
10/23/2016,2016,NYJ,BAL,40.43 N,-74.01 W,24,16,Win
11/13/2016,2016,NYJ,LAR,40.43 N,-74.01 W,6,9,Loss
11/27/2016,2016,NYJ,NE,40.43 N,-74.01 W,17,22,Loss
12/5/2016,2016,NYJ,IND,40.43 N,-74.01 W,10,41,Loss
12/17/2016,2016,NYJ,MIA,40.43 N,-74.01 W,13,34,Loss
1/1/2017,2016,NYJ,BUF,40.43 N,-74.01 W,30,10,Win
9/18/2016,2016,OAK,ATL,37.47 N,-122.13 W,28,35,Loss
10/9/2016,2016,OAK,LAC,37.47 N,-122.13 W,34,31,Win
10/16/2016,2016,OAK,KC,37.47 N,-122.13 W,10,26,Loss
11/6/2016,2016,OAK,DEN,37.47 N,-122.13 W,30,20,Win
11/21/2016,2016,OAK,HOU,37.47 N,-122.13 W,27,20,Win
11/27/2016,2016,OAK,CAR,37.47 N,-122.13 W,35,32,Win
12/4/2016,2016,OAK,BUF,37.47 N,-122.13 W,38,24,Win
12/24/2016,2016,OAK,IND,37.47 N,-122.13 W,33,25,Win
9/11/2016,2016,PHI,CLE,39.57 N,-75.07 W,29,10,Win
9/25/2016,2016,PHI,PIT,39.57 N,-75.07 W,34,3,Win
10/23/2016,2016,PHI,MIN,39.57 N,-75.07 W,21,10,Win
11/13/2016,2016,PHI,ATL,39.57 N,-75.07 W,24,15,Win
11/28/2016,2016,PHI,GB,39.57 N,-75.07 W,13,27,Loss
12/11/2016,2016,PHI,WSH,39.57 N,-75.07 W,22,27,Loss
12/22/2016,2016,PHI,NYG,39.57 N,-75.07 W,24,19,Win
1/1/2017,2016,PHI,DAL,39.57 N,-75.07 W,27,13,Win
9/18/2016,2016,PIT,CIN,40.26 N,-80.00 W,24,16,Win
10/2/2016,2016,PIT,KC,40.26 N,-80.00 W,43,14,Win
10/9/2016,2016,PIT,NYJ,40.26 N,-80.00 W,31,13,Win
10/23/2016,2016,PIT,NE,40.26 N,-80.00 W,16,27,Loss
11/13/2016,2016,PIT,DAL,40.26 N,-80.00 W,30,35,Loss
12/4/2016,2016,PIT,NYG,40.26 N,-80.00 W,24,14,Win
12/25/2016,2016,PIT,BAL,40.26 N,-80.00 W,31,27,Win
1/1/2017,2016,PIT,CLE,40.26 N,-80.00 W,27,24,Win
1/8/2017,2016,PIT,MIA,40.26 N,-80.00 W,30,12,Win
9/11/2016,2016,SEA,MIA,47.36 N,-122.20 W,12,10,Win
9/25/2016,2016,SEA,SF,47.36 N,-122.20 W,37,18,Win
10/16/2016,2016,SEA,ATL,47.36 N,-122.20 W,26,24,Win
11/7/2016,2016,SEA,BUF,47.36 N,-122.20 W,31,25,Win
11/20/2016,2016,SEA,PHI,47.36 N,-122.20 W,26,15,Win
12/4/2016,2016,SEA,CAR,47.36 N,-122.20 W,40,7,Win
12/15/2016,2016,SEA,LAR,47.36 N,-122.20 W,24,3,Win
12/24/2016,2016,SEA,ARI,47.36 N,-122.20 W,31,34,Loss
1/7/2017,2016,SEA,DET,47.36 N,-122.20 W,26,6,Win
9/12/2016,2016,SF,LAR,47.36 N,-122.20 W,28,0,Win
10/2/2016,2016,SF,DAL,47.36 N,-122.20 W,17,24,Loss
10/6/2016,2016,SF,ARI,47.36 N,-122.20 W,21,33,Loss
10/23/2016,2016,SF,TB,47.36 N,-122.20 W,17,34,Loss
11/6/2016,2016,SF,NO,47.36 N,-122.20 W,23,41,Loss
11/20/2016,2016,SF,NE,47.36 N,-122.20 W,17,30,Loss
12/11/2016,2016,SF,NYJ,47.36 N,-122.20 W,17,23,Loss
1/1/2017,2016,SF,SEA,47.36 N,-122.20 W,23,25,Loss
9/25/2016,2016,TB,LAR,27.57 N,-82.27 W,32,37,Loss
10/2/2016,2016,TB,DEN,27.57 N,-82.27 W,7,27,Loss
10/30/2016,2016,TB,OAK,27.57 N,-82.27 W,24,30,Loss
11/3/2016,2016,TB,ATL,27.57 N,-82.27 W,28,43,Loss
11/13/2016,2016,TB,CHI,27.57 N,-82.27 W,36,10,Win
11/27/2016,2016,TB,SEA,27.57 N,-82.27 W,14,5,Win
12/11/2016,2016,TB,NO,27.57 N,-82.27 W,16,11,Win
1/1/2017,2016,TB,CAR,27.57 N,-82.27 W,17,16,Win
9/11/2016,2016,TEN,MIN,36.09 N,-86.48 W,16,25,Loss
9/25/2016,2016,TEN,OAK,36.09 N,-86.48 W,10,17,Loss
10/16/2016,2016,TEN,CLE,36.09 N,-86.48 W,28,26,Win
10/23/2016,2016,TEN,IND,36.09 N,-86.48 W,26,34,Loss
10/27/2016,2016,TEN,JAX,36.09 N,-86.48 W,36,22,Win
11/13/2016,2016,TEN,GB,36.09 N,-86.48 W,47,25,Win
12/11/2016,2016,TEN,DEN,36.09 N,-86.48 W,13,10,Win
1/1/2017,2016,TEN,HOU,36.09 N,-86.48 W,24,17,Win
9/12/2016,2016,WSH,PIT,38.54 N,-77.01 W,16,38,Loss
9/18/2016,2016,WSH,DAL,38.54 N,-77.01 W,23,27,Loss
10/2/2016,2016,WSH,CLE,38.54 N,-77.01 W,31,20,Win
10/16/2016,2016,WSH,PHI,38.54 N,-77.01 W,27,20,Win
11/13/2016,2016,WSH,MIN,38.54 N,-77.01 W,26,20,Win
11/20/2016,2016,WSH,GB,38.54 N,-77.01 W,42,24,Win
12/19/2016,2016,WSH,CAR,38.54 N,-77.01 W,15,26,Loss
1/1/2017,2016,WSH,NYG,38.54 N,-77.01 W,10,19,Loss
